"id_all","Headline","codeN","cabinetmatch","ldpmatch","politicsmatch"
11175,"海部首相きょう１０日の日程＝現地時間 ",NA,2251,NA,NA
24972,"受注業者、前知事の“天の声”で６年前に決定　茨城の小山ダム",NA,NA,NA,4823
77439,"［核の脅威］拡散防げるか（４）対米外交、首相に試練（連載） ",NA,13517,NA,NA
20073,"ＰＫＯ・政治改革・コメ…　参院選争点、各党は　本社アンケート",NA,NA,NA,3568
77339,"薬害肝炎　厚労相「謝罪、補償する」　月内和解を目指す ",NA,13508,NA,NA
8637,"参院で１１日に採決本決まり　消費税廃止法案",NA,NA,NA,1562
91788,"安倍首相、アサド氏の退陣要求　シリア情勢",NA,16531,NA,NA
78431,"［ネット社会］深まる闇（８）「有害」放置、政治の無知（連載） ",NA,NA,NA,13467
59748,"小泉首相、減税拡大の検討を指示　「２．５兆円超」に理解／経財諮問会議 ",NA,11101,NA,NA
19799,"ＰＫＯ法案、今夕に衆院特別委採決　自公民方針に社共は抵抗",NA,NA,NA,3504
68283,"郵貯・簡保、当面は全国一律　郵政民営化で政府、自民に譲歩案提示",NA,12313,3559,NA
52949,"内閣・自民党人事　加藤、山崎派を排除　本会議欠席組に“けじめ”／森首相方針 ",NA,9973,3012,10048
7784,"ソ連、指導部大幅刷新へ　ゴ書記長、中央委総会で報告　９０年１０月に党大会 ",NA,NA,NA,1349
73820,"生活用品事故、原因不明でも報告　修理業者らに通知促す　経産省の法改正原案 ",NA,NA,NA,12744
7882,"自民総裁、海部俊樹氏の再選確実に　対立候補の動きなし",NA,NA,546,NA
78880,"福田首相への問責判断、来月１２日以降　小沢代表",NA,13711,NA,NA
95631,"田中法相辞任　首相、任命責任認める　滝氏再登板の方向",NA,16161,NA,NA
69426,"郵政法案の衆院通過　会期内は見送り　来月の都議選後の採決視野／政府・与党 ",NA,12470,NA,12179
62056,"衆参４選挙区統一補選　自民が実質３勝１敗　衆院東京６区は民主・小宮山氏 ",NA,NA,3325,11270
41881,"自治体の３５％が来年度予算縮小　財政構造改革は進まず／読売新聞社調査 ",NA,NA,NA,8143
29594,"新・新党１２月１０日旗揚げ　中野民社書記長が表明／読売新聞社座談会 ",NA,NA,NA,5860
27303,"公共投資上積みも　政府、来週発表の市場開放策に盛り込む方針",NA,5860,NA,NA
13369,"稲村代議士が辞職へ　巨額脱税容疑で引責　衆院、２５日正式決定 ",NA,NA,NA,2430
6424,"４野党が政治倫理法案要綱　閣僚らの株取引禁止　新設委に議員辞職勧告の権限 ",NA,1208,NA,1035
92388,"「凍結」の国道予算、膨張　安倍政権で加速、１０年度の８倍",NA,16699,NA,NA
42628,"ＮＰＯ法案あす参院通過 ",NA,NA,NA,8281
69369,"郵便局設置基準で調整　自民執行部、「法案明記」軸に修正 ",NA,NA,3599,NA
91493,"首相、アベノミクス説明　Ｇ８サミット",NA,16448,NA,NA
41621,"省庁再編、決着持ち越す　郵政事業「公社化」、自民内で反発",NA,NA,2312,NA
89247,"政府税調、富裕層の所得増税を検討　低所得者には現金給付　消費増税にあわせ",NA,15721,NA,NA
80851,"「３年後」景気回復強調　自公両党が合意　消費増税めぐる中期プログラム",NA,NA,4147,13747
61814,"川口外相、１０日訪英　イラク復興で意見交換 ",NA,11418,NA,NA
51150,"「神の国」発言で森首相あす釈明会見　撤回には否定的",NA,9704,NA,NA
20766,"「本音出たのはいいこと」と渡辺外相　北方領土問題でロ大統領と会談",NA,4454,NA,NA
57408,"外相人事　緒方氏に説得続行　小泉首相、週内決着目指す ",NA,10732,NA,NA
1468,"企業の土地財テク目的の借金　利子を課税の対象に　政府税調部会で一致 ",NA,267,NA,NA
68882,"歴史認識「熟考促す」　中国の温首相、反日デモで日本に対応要求",NA,12385,NA,NA
62792,"民主・田名部匡代氏が繰り上げ当選　日野衆院議員死去で ",NA,NA,NA,11382
84674,"ゆうちょ上限２０００万円、かんぽ保障２５００万円　政府出資３分の１超　改革法案",NA,14784,NA,NA
97541,"国際機関へ武器輸出容認　政府新原則　ＮＳＣ主導で審査",NA,16708,NA,NA
75376,"公務員退職金下げ検討　年金と合わせ、官民格差を解消／政府・与党 ",NA,13190,NA,12973
16738,"政治改革３法案、廃案が確定的",NA,NA,NA,2922
30248,"一月党大会に全力　開かねば一部離党も　久保・社党書記長判断を示す",NA,NA,NA,6035
56360,"衆院補選　自民「２勝」、単独過半数に　宮城４区は伊藤氏　滋賀２区は小西氏 ",NA,NA,3207,10565
11489,"ＮＡＴＯとＥＣ、あす外相会議　中東情勢を討議",NA,2306,NA,NA
459,"自民党、“遷都調査会”設置へ ",NA,NA,12,52
65950,"拉致被害者・曽我さん一家の再会、月末にも北京で／政府 ",NA,12013,NA,NA
62874,"秘書給与流用疑惑　辻元清美元議員を聴取　詐欺罪の可否判断へ／警視庁 ",NA,NA,NA,11407
11934,"在イラク邦人出国を求めた決議を採択／衆院外務委員会 ",NA,NA,NA,2177
34641,"蔵相に久保氏、官房長官には梶山氏　外相は池田氏を起用　閣僚人事",NA,7237,NA,NA
55092,"ジジッチ・ユーゴ連邦首相が辞任　ミロシェビッチ前大統領の移送に抗議 ",NA,10358,NA,NA
63768,"陸自、イラク年内派遣へ　きょうブッシュ米大統領に表明／小泉首相方針 ",NA,11706,NA,NA
55384,"［地球を読む］靖国参拝論争　特殊な政治的問題　岡崎久彦（寄稿） ",NA,NA,NA,10465
21768,"仙台市長選　石井亨氏が３選 ",NA,NA,NA,3913
21877,"蔵相に林義郎氏浮上　内閣改造はあす夕方にも着手",NA,4641,NA,NA
14544,"「コメ対応は従来通りで」　海部首相、近藤農水相と協議",NA,3082,NA,NA
82489,"「衆院解散宣言」封印、麻生首相がＧ８に出発　恒例「内政懇」も中止に",NA,14261,NA,13963
39304,"為替安定、マクロ政策が重要　ＡＰＥＣ蔵相会議、共同声明採択し閉幕 ",NA,7957,NA,NA
61482,"石原都知事、再出馬固める　今春の知事選、７日に正式表明へ",NA,NA,NA,11191
30645,"村山首相、新会派参加者の社党除名検討も　対さきがけ統一会派に前向き ",NA,6594,NA,6126
69909,"個人情報“過剰保護”　自治体で相次ぐ　法の趣旨逸脱／読売新聞社全国調査 ",NA,NA,NA,12238
33765,"宝珠山長官の後任に諸富増夫氏を起用／衛藤防衛庁長官 ",NA,7079,NA,NA
16804,"議長の下に設置を　海部首相、政治改革協議機関の再検討を要請",NA,3579,NA,2941
61441,"「福井日銀」３トップ決定　副総裁に武藤、岩田氏　実務布陣、脱デフレ課題 ",NA,NA,3313,NA
68712,"集団的自衛権、方向示さず　多数意見判定基準、「意見三分」と明記　衆院憲法調査会",NA,NA,NA,12113
48318,"キルギスで４邦人ら拘束　政府、外務省内に対策本部設置 ",NA,9306,NA,NA
10387,"温室効果ガス排出を２０年で半減　国際議員会議が決議 ",NA,NA,NA,1994
59522,"組織犯罪条約、来年批准　「共謀罪」新設へ　計画段階でも処罰可能に／政府方針 ",NA,11069,NA,NA
18419,"農業分野で修正案、コメ関税化に反対　ガット新ラウンドで日本政府",NA,3973,NA,NA
12920,"新土地保有税　税率０．３％軸に最終調整　基礎控除５億円が有力／自民税調 ",NA,NA,805,NA
25027,"所得減税は直間比率見直しで　政府税調で大勢占める ",NA,5283,NA,NA
83512,"（政権交代　５０日目）憲法解釈も「政治主導」　平野官房長官、法制局答弁と一線",NA,14521,NA,14196
48203,"組織犯罪３法案　与野党、徹夜の攻防　民主党提出の内閣不信任案は否決 ",NA,9294,NA,9246
77489,"与野党党首２２日に会談　福田首相、新テロ法案の協力を要請へ ",NA,13524,NA,13358
6337,"竹下・安倍氏が議員辞職も　伊東総務会長主張のリ事件「けじめ論」への対応検討 ",NA,NA,NA,1002
17160,"４日以降にイスラエルと交渉示唆　中東和平会議でシリアのシャラ外相　　　",NA,3653,NA,NA
68796,"郵政民営化、政府案提示へ　貯金・保険、１０年内に全株売却　買い戻しも容認",NA,12367,NA,NA
55021,"７２年の田中首相と周中国首相、日中正常化会談の秘録　外務省が公開 ",NA,10342,NA,NA
43334,"内需拡大に全力　橋本首相、サミットへ決意 ",NA,8549,NA,NA
1604,"税制抜本改革　４月末に答申案／小倉政府税調会長 ",NA,299,NA,NA
60576,"鳩山代表、辞任示唆　「野党結集に全力」小沢氏と一致、民主分裂・再編も ",NA,NA,NA,11081
84830,"平沼新党きょう結成 ",NA,NA,NA,14366
38677,"政府、北朝鮮に食糧援助へ　国際的枠組みで　二国間は当面見送り",NA,7864,NA,NA
47284,"ＡＰＥＣ蔵相会議　債券市場の育成を強調　共同声明を採択し閉幕 ",NA,9173,NA,NA
39196,"県収用委が申請却下しても「使用可能」盛る　特措法改正で政府が方針",NA,7939,NA,7747
407,"一戸建てを年収の５倍で　政府、政策面の努力表明／参院特別委 ",NA,84,NA,49
56933,"診療報酬引き下げ　「本体」１．３％、薬価と合わせ２．７％／政府・与党決定 ",NA,10644,NA,10621
9730,"衆院予算委、当面空転　「補正」一括処理で与野党対立 ",NA,NA,NA,1860
35175,"住専と民主主義　その場しのぎを断て　中馬清福・論説主幹（座標）",NA,NA,NA,7032
27990,"「２６日までに結論」で合意　細川氏元秘書喚問で衆院予算委理事会",NA,NA,NA,5532
51700,"中尾元建設相、さらに２０００万円授受容疑　特捜部、慎重に捜査",NA,9806,NA,NA
7128,"８９年実質国民総生産の成長見通しを０．８％下方修正　米政府",NA,1386,NA,NA
80300,"新潟知事選　泉田氏が再選 ",NA,NA,NA,13680
83072,"鳩山内閣きょう内定　直嶋氏は経産相が有力 ",NA,14363,NA,NA
14374,"駐独イラク大使館を一時占拠　クルド人グループがフセイン政権の退陣を要求 ",NA,3043,NA,NA
63730,"陸自、バスラ北部派遣へ　イラク支援で政府調整　「治安は比較的安定」 ",NA,11700,NA,NA
20424,"［地球を読む］新秩序作り　先進国に重い責任　ゲンシャー・前独外相（寄稿） ",NA,4384,NA,NA
21167,"ゴルバチョフ氏の政治活動をエリツィン・ロシア大統領が拘束",NA,NA,NA,3730
20870,"佐川急便事件　金丸元副総裁に出頭要請　５億円献金受領は本人と認定／東京地検 ",NA,NA,1309,NA
50230,"民主の鳩山代表“捨て身”戦術　初の正式開催　党首討論",NA,NA,NA,9574
9486,"最高裁８裁判官の国民審査も衆院選と同時に ",NA,NA,NA,1781
30215,"民社党の大内前委員長が新進党不参加を正式表明 ",NA,NA,NA,6027
29129,"香川知事に平井城一氏３選 ",NA,NA,NA,5752
85252,"社民、首相問責も賛成へ ",NA,14903,NA,NA
37917,"６分野で大胆提言　首相に実行迫る　経済審委の構造改革報告書案",NA,7742,NA,NA
83125,"［地球を読む］鳩山政権に望む　リチャード・アーミテージ（寄稿） ",NA,14387,NA,NA
28183,"北朝鮮制裁問題　「憲法枠内で最大の措置」　羽田首相が緊急協議で指示 ",NA,6091,NA,NA
59617,"新司法試験、受験回数を制限へ　大学院修了後、５年以内に３回まで",NA,NA,NA,10982
90948,"全学年３５人学級を断念　文科省、自民意向受け",NA,NA,4592,NA
24841,"臨時国会召集来月中旬までに　佐藤自治相語る ",NA,5254,NA,4783
24976,"自民党が２票制合意へ　定数は小選挙区３００、比例１７１／衆院並立制 ",NA,NA,1743,4824
6786,"自民党島根県連のパーティーに竹下派の５閣僚が出席 ",NA,1297,443,1127
87830,"節電目標１５％に緩和　政府調整　企業・家庭一律に ",NA,15383,NA,NA
234,"臨時国会きょう２７日召集 ",NA,NA,NA,31
24579,"［５５年体制崩壊・政治はどう変わる］（７）再編の行方見えず（連載） ",NA,NA,NA,4685
47765,"国旗・国歌法案、衆院を今月下旬に通過へ　審議日程、自自民が合意",NA,NA,2736,9158
34830,"フランスが６回目の核実験　政府、臨時大使呼び抗議 ",NA,7278,NA,NA
21291,"新中央委員１８９人選出　「ポスト・トウ」へ若返り　中国党大会が閉幕 ",NA,NA,NA,3768
7598,"海部首相、きょう９月３日の日程＝現地時間 ",NA,1496,NA,NA
98611,"首相「大きな一歩」　日中首脳会談",NA,17011,NA,NA
31197,"村山内閣　「支持」横ばい４１％　震災対策に４１％が不満／読売新聞社世論調査 ",NA,6696,NA,NA
77499,"国会再延長の公算　新テロ法案の会期内成立は困難／自民 ",NA,NA,4003,13359
14492,"県議選　無投票が２割、約６００人　競争率最低の１・４１倍／読売新聞社調査 ",NA,NA,NA,2544
70314,"テロ特措法、延長「１年」の方針　政府・与党",NA,12572,NA,12386
5349,"訪米の竹下首相が帰国 ",NA,994,NA,NA
96974,"汚染水「コントロール下」　衆院委で東電社長",NA,NA,NA,15626
24191,"「羽田新党」連立協議の方針　２３日の結成後に社公民・連合などと",NA,NA,NA,4482
45969,"［連立新時代］（上）保守再編が加速　政治手法など波乱要因（連載） ",NA,NA,NA,8852
44707,"民主党と平和・改革が政府・自民に「長銀」で統一見解求める　法案化の条件に ",NA,8809,2531,NA
73943,"「北、新たな核実験の計画ない」韓国報道　「未確認」麻生外相 ",NA,13025,NA,NA
43250,"社民党の与党離脱、今国会中に　土井党首と伊藤幹事長が確認 ",NA,NA,2405,8387
23117,"ロシア支援で１３日にも閣僚会議　政府、各国と調整 ",NA,4854,NA,NA
73562,"自民・安倍氏人事構想　幹事長、中川秀氏が有力　甘利、山本有氏入閣か ",NA,NA,3839,NA
4899,"竹下改造内閣の顔ぶれ（６３年１２月２７日任命・認証式） ",NA,891,NA,NA
67778,"「遺骨」めぐみさんと別人　政府発表　ＤＮＡ鑑定で判明、「調査虚偽」北に抗議 ",NA,12257,NA,NA
46148,"月内にも衆院通過　一九九九年度予算案",NA,NA,NA,8894
41889,"１０兆円新型国債　「実現に全力」　橋本首相が表明 ",NA,8343,NA,NA
13072,"海部内閣、支持４９％に低下　安定感に陰り　朝日新聞社世論調査",NA,2688,NA,NA
73489,"救援リスト作成、自治体の４分の１　災害弱者の把握進まず／読売新聞社調査 ",NA,NA,NA,12700
66114,"出資法違反容疑で稲垣元長官ら逮捕 ",NA,12038,NA,11835
60494,"公共投資１．５兆円　国債追加５兆円　補正予算案、政府・与党合意",NA,11232,NA,11073
84412,"夫婦別姓、千葉法相が提示　民法改正案の今国会成立に意欲",NA,14749,NA,14316
63023,"私学に財務諸表公開義務　運営透明化図る　文科省が法改正へ",NA,NA,NA,11441
72650,"村上ファンドを捜査　証取法抵触の疑い、取引記録など分析　東京地検",NA,NA,NA,12647
8926,"平成２年度予算政府案決定　好景気反映、税収１３．７％増　防衛費とＯＤＡ増 ",NA,1744,NA,NA
23432,"副操縦士が操縦　航空法違反の疑い　花巻空港のＪＡＳ機炎上",NA,NA,NA,4234
11011,"外国人単純労働者の雇用　研修の形で容認　自民党特別委が合意 ",NA,NA,716,2084
31524,"２信組問題参院証人喚問　堀江頭取「長銀、経営に参画せず」　高橋証言再び否定 ",NA,NA,NA,6313
7099,"比例区候補も消費税・政治改革が主張テーマ　朝日新聞社アンケート",NA,NA,NA,1207
96197,"成年後見　選挙権喪失は違憲　東京地裁　公選法規定に初判断",NA,NA,NA,15437
3999,"蔵相秘書ら喚問問題、きょうにも再協議　自民調整、結論出ず",NA,725,208,NA
23782,"政府派遣の選挙監視員がタケオ到着　カンボジアＰＫＯ",NA,4981,NA,4303
61453,"米朝間で早期対話を　盧大統領、パウエル米国務長官に表明 ",NA,11363,NA,NA
60143,"「都の西北」法律事務所　早大が来年開業　弁護士の下、学生が実習 ",NA,NA,NA,11029
17379,"ＰＫＯ特別委　「指図」で政府見解へ　指揮権問題を明確化 ",NA,3723,NA,NA
89030,"被災自治体、復興特区に　１．９兆円の交付金も　法案判明",NA,NA,NA,14885
8361,"西独のコール首相、西ベルリン入り　東独の新情勢で予定変更",NA,1629,NA,NA
54075,"森首相、実習船衝突事故のホノルル到着 ",NA,10162,NA,NA
31695,"［危機　衰退する政党政治］（４）審判の総括　役割、真剣に見直す時（連載） ",NA,NA,NA,6354
49503,"自自、連立維持で合意　衆院比例選の定数削減処理は通常国会冒頭に ",NA,NA,NA,9438
89574,"勝俣・東電会長、６月退任へ　外部から後任、政府方針",NA,15854,NA,NA
96811,"離婚時に養育費合意５６％　改正法１年　浸透不足",NA,NA,NA,15606
1259,"首相、税制見直し否定せず　「国会決議」で強調　衆院予算委",NA,225,NA,154
80815,"野党が強行可決　雇用法案、参院委で",NA,NA,NA,13745
52727,"ギリシャ観光バス乗っ取り　発生から７時間、車内は２５度超す　河野外相が会見 ",NA,9926,NA,NA
64387,"自衛隊にきょう準備命令　小泉首相、実施要項承認　イラク派遣",NA,11822,NA,NA
58942,"郵政４法案「修正せずに成立を」　小泉首相、片山総務相に指示",NA,10993,NA,NA
76311,"年金、７党首論戦　安倍首相「打てる手打った」、小沢氏「制度を抜本改革」　参院選",NA,13326,NA,13140
72444,"中央青山、法定監査２か月停止処分　７月から、対象２３００社／金融庁 ",NA,NA,NA,12625
98345,"安倍改造内閣　「実行実現」へ重厚布陣　経済・地方創生に全力",NA,16921,NA,NA
31878,"村山首相きょう訪中　過去の歴史に対する反省に立ち「未来志向」確認へ ",NA,6785,NA,NA
128,"臨時国会、２７日召集を確認／政府・自民党 ",NA,29,3,16
52844,"山崎拓氏も内閣不信任案賛成　自民主流派「可決なら解散」",NA,9948,2999,NA
75248,"［統一選の焦点］（３）政策不在　頼りない政党（連載） ",NA,NA,NA,12960
24947,"日の丸・君が代「尊重」と細川首相／参院代表質問 ",NA,5275,NA,4817
2343,"竹下首相、核実験検証めざし「日本会議」提唱へ　国連軍縮総会",NA,446,NA,NA
19636,"ＰＫＯ法案、自公民合意で成立の見通し　自民首脳が表明",NA,NA,1233,NA
34074,"２信組事件　山口敏夫議員、取り調べへ　背任関与の疑い／東京地検 ",NA,NA,NA,6770
15259,"「対ソ支援は必要」　域外派兵に意欲　ドイツのコール首相会見",NA,3284,NA,NA
48778,"２次補正予算、５−６兆円の認識　宮沢喜一蔵相が表明",NA,9382,NA,NA
12529,"国連平和協力法案、不成立の公算大　参院でメド立たず",NA,NA,NA,2263
30192,"新進党に民社党の大内前委員長が不参加示唆　自民との連携を模索か",NA,NA,1944,NA
26456,"政治改革法案　「戸別訪問」全面禁止に　連立与党が修正案を自民に打診 ",NA,NA,1805,5142
70106,"国民新党に津島恭一氏加入　長谷川氏は新党日本へ　「政党要件」支援 ",NA,NA,NA,12305
75642,"公営住宅から暴力団排除、１６自治体が検討　条例化３県市のみ／読売新聞社調査 ",NA,NA,NA,13016
53254,"省庁再編　政治主導の実現、半数が疑問視／読売新聞社全国世論調査 ",NA,NA,NA,10091
92246,"戦後の礎、壊しかねない　安倍首相、靖国参拝　編集委員・前田直人",NA,16653,NA,NA
51651,"そごう民事再生法申請　労働省が雇用調整助成金支給に向け検討 ",NA,NA,NA,9862
82407,"一般歳出５２．７兆円規模　概算要求基準、過去最大に　首相重点枠３５００億円 ",NA,14245,NA,NA
69666,"「郵政」５票差で衆院通過　自民、大量造反　反対３７人、棄権・欠席１４人 ",NA,NA,3618,12211
22110,"パニッチ首相不信任　新ユーゴスラビア議会",NA,4701,NA,NA
5555,"「補正」予算案成立は６日以降　野党、リ疑惑追及へ",NA,NA,NA,811
58082,"有事法最終案　武器使用、防衛出動前も容認　首相に代執行権 ",NA,10832,NA,10773
36973,"「鳩山氏を党首に」　新党問題でさきがけ・武村氏が柔軟姿勢 ",NA,NA,NA,7332
56208,"アフガン新政権にタリバン穏健派も参加　米・パキスタン合意 ",NA,10538,NA,NA
2267,"自民税調、減税先行で新税促進　税制大綱、２７日決定は見送り",NA,NA,126,NA
82313,"麻生内閣支持急落１９％　「政権、民主軸に」５２％　朝日新聞社世論調査",NA,14226,NA,NA
8985,"政権維持へ低めの設定　海部首相の総選挙目標＜解説＞",NA,1752,NA,1637
88379,"民主議員総会　大荒れ　孤立の首相「選挙」言及　退陣論けん制 ",NA,15492,NA,14815
83304,"アフガン民生支援強化　岡田外相、カブールで表明　大統領と会談 ",NA,14455,NA,NA
20388,"投資減税を数百億円の規模で１０月に実施　自民税調が方針決定 ",NA,NA,1281,NA
43596,"道具　議員使う現実主義（政治家よ　第１部　壁と風：５）",NA,NA,NA,8444
39618,"次官・局長人事　内閣官房に選定委　省庁案を審査／橋本首相方針 ",NA,8006,NA,NA
12155,"国連憲章の「旧敵国条項」削除訴え　武器輸出の規制も　中山外相国連演説へ ",NA,2450,NA,NA
81611,"小沢氏秘書あす起訴　違法献金認識と判断　規正法違反＝続報注意",NA,NA,NA,13837
83328,"（政権交代　３０日目）公共事業、国交省１４％減　「人」へ大幅増　１０年度概算要求",NA,14461,NA,NA
32226,"サハリン大地震　政府の重傷者移送意向表明で受け入れ準備開始／北海道庁 ",NA,6837,NA,NA
9363,"党の指導条項削除を提案　ソ連・ゴルバチョフ書記長が基調報告　",NA,NA,NA,1752
19850,"ＰＫＯ協力法＜要点＞",NA,NA,NA,3519
84184,"民主パーティー　小沢氏話題は参院選／札幌 ",NA,NA,NA,14281
94252,"原発賠償　東電に１８自治体請求 ",NA,NA,NA,14922
54249,"米中軍用機接触事件　解決へ具体案詰めの段階に／パウエル米国務長官 ",NA,10183,NA,NA
4068,"「秘書が軽率行為」　リクルート株式取引の名義貸し　宮沢蔵相が再答弁で陳謝 ",NA,736,NA,NA
62091,"胡錦涛・中国主席と会談調整、今月末にも　小泉首相、訪米も固まる",NA,11460,NA,NA
33673,"援護法の在日韓国人除外、「不平等」違憲の疑い　年金請求は棄却／大阪地裁判決 ",NA,NA,NA,6696
23208,"相互参入へ約１０社準備　子会社設立夏から　金融制度改革法あす施行",NA,NA,NA,4194
6053,"日本人学校を国際交流の拠点に　現地に「専任者」構想／西岡文相 ",NA,1126,NA,NA
49399,"貸金業法違反事件　日栄社長をきょうにも聴取　「指示」など解明図る／警視庁 ",NA,NA,NA,9418
9342,"複数政党制へ改革案　「党の指導性」憲法から削除　ソ連",NA,NA,NA,1741
87750,"レベル７　首相「専門家の判断」 ",NA,15367,NA,NA
59810,"査察受け入れ、イラクに要求　外相会談で川口外相",NA,11109,NA,NA
6895,"スパコン、値引き５割が限度　政府が行政指導へ　米の要求にらみ先手",NA,1319,NA,NA
71366,"脱法ドラッグ初告発へ　「ＲＵＳＨ」輸入元　薬事法違反容疑で厚労省 ",NA,NA,NA,12500
13721,"法人付加税３−４％　追加支援９０億ドルで政府と自民党が骨格",NA,2876,860,2458
59651,"小泉首相訪朝へ　「政治生命かけて行く」 ",NA,11083,NA,10985
24188,"自民離党の武村正義氏ら、きょう新党旗揚げ",NA,NA,1605,4479
98463,"台風　避難勧告１３４万世帯　１８号横断　自治体　早めに発令",NA,NA,NA,15920
35810,"「母体行負担は限界」　橋本前全銀協会長が参院の住専問題証人喚問で強調 ",NA,NA,NA,7152
81567,"「政治、大いに不満」６０％　９割「民意反映ない」　朝日新聞社世論調査",NA,NA,NA,13831
1437,"朝日・ツァイト共催政経シンポ　シュミット前首相ら迎え東京で",NA,260,NA,NA
2875,"整備新幹線の部分着工　６４年度、３線同時に　政府・自民検討委が方針＝図付き ",NA,559,174,NA
36525,"ＯＤＡの柱に「福祉」　病院建設や医療技術提供／政府方針 ",NA,7536,NA,NA
71315,"民法、抜本改正へ　リース契約などに対応　２００８年の国会提出目指す／法務省 ",NA,NA,NA,12494
17292,"宮沢首相、韓国大統領の非核化宣言支持を表明　参院代表質問",NA,3694,NA,3019
91320,"（憲法はいま　変化の潮流：中）改憲、手続き論先行　自民・維新・みんな共同歩調",NA,NA,4621,NA
30225,"水俣病未認定患者に一時金　社党全面解決案　解決長期化に村山首相、遺憾表明も ",NA,6522,NA,NA
32521,"「車」大詰め攻防　制裁決定期限目前　米側、厳しい新要求／閣僚協議 ",NA,6884,NA,NA
810,"日米首脳会談始まる　竹下首相、「世界に貢献」表明へ",NA,155,NA,NA
21452,"調査・告発へ独立機関　政治資金で「民間政治臨調」が緊急提言",NA,NA,NA,3809
18035,"従軍慰安婦問題、宮沢首相が謝罪表明「胸の詰まる思い」　あす訪韓",NA,3863,NA,NA
30872,"臨時法を適用　阪神大震災被災の借地・借家人保護　あす閣議決定",NA,NA,NA,6168
98777,"軽自動車税もエコ減税　政府・与党方針　来年度購入分から",NA,17049,NA,16073
18644,"地球保全財源に「環境税」創設を　竹下元首相が提唱 ",NA,4036,NA,NA
6540,"都議選、７月２日投票を正式決定　参院選占う大型選挙 ",NA,NA,NA,1071
44027,"「財革法は廃止」　小泉氏、出馬会見で政権構想／自民党総裁選 ",NA,8667,2465,8540
29842,"ＡＰＥＣ貿易自由化の期限設定に難色　マハティール・マレーシア首相",NA,6473,NA,NA
51469,"衆院選、きょう投票　１４０４人に審判　大勢判明は深夜１時過ぎ ",NA,NA,NA,9819
72524,"共謀罪法案、成立は困難　強行回避「鶴の一声」　議長仲裁、背後に小泉首相の指示",NA,12822,NA,NA
33606,"［政まつりごと］第二部政治家解剖（３）保守と革新（連載） ",NA,NA,NA,6686
16116,"参院政治改革委員長に坂野重信氏　２３日に設置 ",NA,NA,NA,2820
29684,"［地球を読む］政治と道徳　権謀術数の米外交　Ｍ・ヘイカル（寄稿） ",NA,NA,NA,5877
93180,"特許、無条件で会社のもの　社員の発明、「十分な報償金」の条件外す　政府方針固める",NA,16917,NA,NA
94326,"防衛相問責　可決の公算　与党内、早期辞任促す声も ",NA,15743,NA,14938
34920,"住専処理の預金保険機構　調査と回収権限　特別措置法案に明記へ／政府 ",NA,7293,NA,NA
261,"不破氏は副議長に　委員長に村上氏昇格／共産党大会閉幕 ",NA,NA,NA,35
43987,"菅民主代表の統一首相候補構想　平和、公明は拒否 ",NA,8664,NA,NA
88658,"政府・日銀、介入の用意　追加緩和も検討　円高・株安",NA,15546,NA,NA
17529,"橋本大二郎氏圧勝、約２０万票差　自民公認候補下す　高知県知事選",NA,NA,1106,3078
75325,"分娩取りやめ、１０５病院　自治体、対策急ぐ　昨年以降８％減に　朝日新聞全国調査",NA,NA,NA,12969
71444,"［ライブドア・強制捜査の衝撃］（中）堀江流経営手法（連載） ",NA,NA,NA,12513
33623,"田沢法相、９日に辞任　「裏取引」疑惑で引責　後任は宮沢弘氏が有力 ",NA,7051,NA,NA
70369,"在日米軍再編、小泉首相が調整加速を指示　普天間移設に複数案　",NA,12582,NA,NA
17346,"米中正常化へ中国譲歩、人権問題は定期協議で　ベーカー・銭外相会談",NA,3713,NA,NA
7794,"ハンガリー共産党が西欧型強める新綱領案固める　市場原理と軍縮と",NA,NA,NA,1351
24700,"「細川首相」指名持ち越し　国会議事日程延期、異例の事態 ",NA,5205,NA,4739
35806,"内閣・行政機構改革大綱を提言　省庁「１府９省」に再編／読売新聞社 ",NA,7419,NA,NA
31073,"「首相の犯罪」確定へ　ロッキード事件丸紅ルート、最高裁大法廷が２２日に判決 ",NA,6685,NA,NA
13491,"湾岸危機での追加財政支援の検討を盛る／日米外相共同新聞発表 ",NA,2819,NA,NA
55063,"小泉内閣、支持８１％で高水準維持　朝日新聞社世論調査",NA,10351,NA,NA
51478,"第４２回衆院選　党派別当選者数 ",NA,NA,NA,9828
29641,"クウェート承認は国連の制裁緩和が条件／イラク国会議長 ",NA,NA,NA,5870
60083,"対イラク決議その日…カーター氏にノーベル平和賞　選考委「米政権への批判」 ",NA,11178,NA,NA
20619,"米大統領選共和党候補　ブッシュ氏を正式指名　きょう２１日受諾演説 ",NA,NA,NA,3652
19090,"環境基本法の作成指示表明　地球環境賢人会議で宮沢首相",NA,4113,NA,3375
34107,"宗教法人特別委　連立与党が通常国会でも設置の方針　政教分離や税制論議 ",NA,NA,NA,6777
95389,"維新　来月中旬に新党　国会議員５人確保へ　他党と合流せず",NA,NA,NA,15188
38174,"２００５年度までに財政赤字を国内総生産比で３％以下に　政府が目標設定 ",NA,7776,NA,NA
52400,"「児童年金」が浮上　政府・与党で財源の確保課題",NA,9877,NA,9967
11069,"社会保障同盟重視を強調　デメジエール東独首相",NA,2222,NA,NA
41845,"預金保険、金融債・ヒットも保護　次期国会に法改正案提出　政府・自民固める ",NA,8334,2324,8130
53749,"「森首相退陣望ましい」　公明・神崎代表と保守・野田幹事長、極秘会談で一致 ",NA,10090,3039,NA
83126,"社保病院、公営を維持　売却方針転換　長妻厚労相指示",NA,14388,NA,NA
91523,"選挙改革、国会に諮問機関　安倍首相単独会見　石破氏に検討指示",NA,16456,NA,15533
90931,"日本人７人死亡確認　「日揮社員」首相に報告　アルジェリア人質事件",NA,16299,NA,NA
23658,"カンボジア総選挙完全実施で合意　ポト派抜き推進／ＳＮＣ北京会議 ",NA,NA,NA,4268
1366,"野党の減税要求に対する自民党の回答内容 ",NA,NA,51,175
6155,"自民党、単独で衆院予算委の審議再開　与野党協議が決裂 ",NA,NA,350,956
24405,"「日本新党」「さきがけ」統一会派結成で合意　自民とは連立せず",NA,NA,1648,4592
35693,"景気回復、より確実に　日米蔵相会談で努力一致 ",NA,7407,NA,NA
21548,"皇民党事件の検事調書問題　自民が告訴断念へ　顧問弁護団などに慎重論 ",NA,NA,1379,NA
96967,"法人税下げ　早期検討明記　賃上げ「２％で減税」に　自民税調大綱原案",NA,NA,4661,15623
647,"６３年度予算政府案の歳入と歳出",NA,127,NA,NA
6314,"リ事件で東京地検が藤波元官房長官から聴取　政界ルート捜査が最終段階 ",NA,1192,NA,NA
4000,"宮沢蔵相の見識と責任　石川真澄・編集委員（座標）",NA,726,NA,NA
83642,"総選挙直後に機密費２．５億円を請求　自公政権、使い切る　支出記録公表",NA,14550,4260,14212
66412,"参院選の投票率５６．５７％　前回なみ",NA,NA,NA,11901
48060,"定期借家制度へ新法　自自公３党、あすにも国会提案 ",NA,NA,2759,9217
87671,"放射能、漏出抑止に数カ月　福島原発めぐり菅政権見通し　海へ汚染水、続く",NA,15355,NA,NA
24753,"政治改革「年内不成立なら責任取る」　細川首相が初会見明言　減税には慎重 ",NA,5233,NA,4763
52920,"共産党大会　不破議長・志位委員長・市田書記局長の新体制が発足 ",NA,NA,NA,10044
62733,"イラク特措法案、４日にも衆院通過　与党、民主との協議決裂 ",NA,NA,NA,11363
26314,"仏首相、新ラウンド発効後も日本車輸出規制の継続望む　自国産業保護を明確に ",NA,5591,NA,NA
56520,"ウルグアイラウンド農業２事業費　「運用不適切」市町村９９％／会計検査院調査 ",NA,NA,NA,10583
60758,"日米ミサイル防衛構想　開発へ移行検討　石破防衛長官、米に表明 ",NA,11264,NA,NA
64173,"イラク支援、「自衛隊派遣したい」　小泉首相、時期は明言せず／衆院予算委 ",NA,11780,NA,11621
84931,"偽装献金　首相元秘書に有罪判決　東京地裁「国民の信頼損ねた」 ",NA,14828,NA,NA
19344,"ロシア大統領　「北方領」解決に前向き姿勢　５段階論縮める　渡辺外相に表明 ",NA,4175,NA,NA
33834,"村山首相、大田沖縄県知事と４日に会談　米軍基地問題など",NA,7094,NA,6721
78296,"残留農薬、輸入時に検査　政府、問題業者中心に　食品事故 ",NA,13636,NA,NA
18466,"２６、２７日に平成４年度予算案の公聴会／衆院予算委 ",NA,NA,NA,3242
14631,"６府県で保革相乗り知事当選　自公民も４県　北海道は横路孝弘氏",NA,NA,NA,2570
37849,"米軍基地懇　沖縄振興５事業を提言　嘉手納町など５市町村 ",NA,NA,NA,7568
73823,"［地球を読む］新政権の外交課題　穏健な協調、まず明示　北岡伸一（寄稿） ",NA,12998,NA,NA
22405,"日本商社の資材没収　取引中断で報復か／イラク政府 ",NA,4748,NA,NA
40381,"コーエン米国防長官が１１月にも訪中　加藤幹事長に表明",NA,8102,2255,NA
19591,"［地球を読む］自由貿易圏　米州共同体構築　キッシンジャー元国務長官（寄稿） ",NA,4214,NA,NA
47066,"今後の政局、自民総裁選が焦点　自自公選挙協力も",NA,NA,2688,9057
31422,"知事選候補予定者「災害対策」を重視　福祉・医療に並ぶ／読売新聞社アンケート ",NA,NA,NA,6285
92195,"（どうする　秘密法）「なし崩し」現実に起きた　永井愛さん",NA,NA,NA,15703
19173,"北方領土の段階返還、４月末の訪ロで打診　渡辺外相が答弁／参院外務委員会 ",NA,4130,NA,3384
68804,"郵政民営化法案骨子　週内の大筋了承目指す　首相、月内提出向け党内調整を指示 ",NA,12370,NA,12124
20361,"景気浮揚へ土地税制改革　自民が方針 ",NA,NA,1277,NA
77962,"［立法府］ねじれの今（５）「参院第１党」生かせず（連載） ",NA,NA,NA,13429
87028,"民主公約、見直し表明　財源の捻出限界　岡田幹事長",NA,NA,4350,NA
87279,"鳥獣戯画、仕立て直し　和紙の表裏、はがして絵巻物　制作技法解明",NA,NA,NA,14717
23752,"カンボジア　邦人選挙監視員は全員タケオが任地／ＵＮＴＡＣ発表 ",NA,NA,NA,4291
91060,"（東日本大震災２年）被災４０市町村で７．２万人減　３０代以下が６割超",NA,NA,NA,15416
62062,"日英首相会談　イラク復興、国連関与で一致　北の核は平和解決追求 ",NA,11452,NA,NA
6162,"自民党、連休明けに新総裁選出　内閣総辞職は予算成立後に／竹下・安倍会談 ",NA,1157,351,959
94836,"亀井氏、国民新党を離党",NA,NA,NA,15032
31213,"都議会委が可決　２信組融資の３００億円を予算案から削除",NA,NA,NA,6244
21869,"平成４年度補正予算があす１０日に成立／参院予算委 ",NA,NA,NA,3946
91876,"法人減税分使途「公表を」　賃上げ狙い　政府、企業に要請へ",NA,16553,NA,NA
9306,"「総選挙負ければ下野」　海部首相、金丸・安倍各氏と会談",NA,1826,NA,1724
41136,"大蔵省改革　「金融・財政」分離へ自民行革本部が調整　中間報告の修正図る ",NA,NA,2290,NA
48947,"藤波孝生議員が自民離党　リクルート事件で有罪確定 ",NA,NA,2834,9331
710,"「Ｇ７声明は生きている」　円相場で竹下首相語る",NA,136,NA,NA
23018,"参院予算委　喚問巡る対立解けず　今日の審議再開微妙 ",NA,NA,NA,4167
19638,"ＰＫＯ法案、来週採決の構え　宮沢首相、党首会談で決意示す",NA,4219,NA,3462
82823,"衆院選１８日公示 ",NA,NA,NA,14053
14032,"衆院予算委　一般質問開始へ　予算修正案の扱いで社党が軟化 ",NA,NA,NA,2499
89268,"もんじゅ見直し勧告へ　国会版仕分け、野田政権に",NA,15729,NA,14930
27008,"ベンツェン米財務長官が「懸念」表明　日本の黒字削減の実現で",NA,5755,NA,NA
76054,"社会保障番号「早急に検討」　安倍首相",NA,13278,NA,NA
20081,"［９２参院選　選択の意味］（中）再編胎動　新党軸に推進論（連載） ",NA,NA,NA,3571
49501,"日朝交渉を「歓迎」　銭中国副首相が朝日新聞社と会見",NA,9476,NA,NA
87636,"全原発に津波対策指示　１カ月以内に状況確認　海江田経産相",NA,15346,NA,NA
14526,"中東向け武器輸出規制で日ソ外相が一致　「旧敵国条項」削除に理解 ",NA,3074,NA,NA
18623,"安恒参院議員に５００万　国会質問直前に　佐川急便下請け社長が証言",NA,NA,NA,3279
40240,"Ｏ１５７の家庭内感染を警戒　全国自治体を朝日新聞社が調査",NA,NA,NA,7930
12765,"政府、通常国会１２月１０日召集の方針固める",NA,2608,NA,2323
38175,"高齢者外来１回５００円　医療保険改革案、３与党が合意 ",NA,NA,NA,7613
8714,"「消費税廃止」を参院で可決　衆院、きょう審議入り",NA,NA,NA,1585
82604,"衆院あす解散　８・３０投票へ　政権選択を焦点に ",NA,14283,NA,13998
53767,"自民大勢「もたない」　来月初め最終判断　森首相進退問題",NA,10094,3042,NA
28500,"税制改革、年内こだわらず　村山首相が就任会見　総選挙は新制度で ",NA,6192,NA,5650
97989,"混合診療の拡大表明　首相",NA,16836,NA,NA
28383,"衆院小選挙区の区割り法案で社会党と調整へ／与党方針 ",NA,NA,NA,5615
50463,"台湾総統に野党・陳水扁氏　半世紀の国民党単独政権に幕　改革訴え混戦制す ",NA,9584,NA,9607
99128,"沖縄県指示は「無効」　辺野古移設　菅長官「粛々と続行」",NA,17167,NA,NA
63808,"小泉内閣支持率　５．４ポイント減の５９．６％／読売新聞社全国世論調査 ",NA,11715,NA,NA
55483,"経済財政会議、骨格固める　来年度予算概算要求基準、与党が合意",NA,NA,NA,10480
11785,"イラク外交官を国外追放　米政府が報復措置",NA,2354,NA,NA
49515,"自民の２０００年度税制改正大綱決定　実質減税は２１５０億円 ",NA,NA,2867,NA
97391,"五輪委会長　森元首相が受諾",NA,16673,NA,NA
19959,"連合の真価（問われる日本政治　参院選に向けて：下）",NA,NA,NA,3545
82400,"衆院解散　麻生首相「そう遠くない」　都議選後を模索 ",NA,14243,NA,13937
23099,"毎年１０億円超すヤミ献金　建設業界などが金丸前副総裁に",NA,NA,1537,NA
29960,"神奈川・長洲知事　勇退を正式表明 ",NA,NA,NA,5952
64911,"虐待防止、家裁が勧告　児童福祉法改正案、きょう提出／厚生労働省 ",NA,NA,NA,11712
36913,"中南米歴訪へ、橋本首相きょう出発 ",NA,7579,NA,NA
53772,"［地球を読む］欧州の政治統合　多元主義の未来へ　Ａ・ギデンズ（寄稿） ",NA,NA,NA,10181
73232,"自民総裁選「靖国」対立鮮明に　安倍氏が４月参拝　谷垣氏自粛、麻生氏慎重 ",NA,NA,3803,NA
12015,"ソ連外相再来日か　ゴルバチョフ大統領訪日前に／在京ソ連外交筋 ",NA,2432,NA,NA
18069,"自民とは未調整　首相表明の政治資金制度改革切り離し処理＜解説＞",NA,3874,1148,3163
339,"大プロジェクト予定地の取引　初めから許可制に／奥野国土庁長官答弁 ",NA,67,NA,NA
78593,"捕鯨、外交解決に意欲　ラッド豪首相、朝日新聞社主筆と会見",NA,13671,NA,NA
52077,"公共事業中止勧告は２００前後に　見直し案与党合意",NA,NA,NA,9893
11132,"対中円借款再開へ、７月中にも使節団／政府 ",NA,2240,NA,NA
11886,"政府の中東支援策細目、きょう中に取りまとめ",NA,2381,NA,NA
62122,"主体思想　解釈変更（北朝鮮の素顔　第２部・政治体制：６）",NA,NA,NA,11281
22078,"「不況」「冷戦後」に重心　政府、９３年度予算案を決定",NA,4693,NA,NA
80333,"麻生首相、消費税増税検討を指示　「景気回復後に」　追加経済対策＝訂正あり",NA,13919,NA,NA
62737,"違法金利の契約は無効　ヤミ金融対策法案で与野党合意　今国会で成立方針 ",NA,NA,NA,11365
73456,"（安倍晋三研究　新政権の行方）米に配慮、「靖国」見直し　首相の座へ、脱タカ派像",NA,12926,NA,NA
51689,"鹿児島県知事選　須賀竜郎氏が再選 ",NA,NA,NA,9868
11129,"海部首相きょう６日の日程＝現地時間 ",NA,2239,NA,NA
6161,"冠婚葬祭、寄付を禁止　政治改革・有識者会議の林座長私案",NA,NA,NA,958
32427,"水俣病救済案で与党合意　県が対象者を判定　チッソ支援など詰め",NA,NA,NA,6479
90507,"安倍・自民総裁「年内解散確約を」　特例公債への協力の前提",NA,NA,4517,NA
64253,"高速道建設、一部見送り　料金活用維持、政府・与党調整",NA,11799,NA,11628
86725,"早期の訪ロに意欲　北方領土問題解決へ前原外相",NA,15169,NA,NA
35103,"［政まつりごと］第五部検証・連立政治（１１）水俣病と万年筆（連載） ",NA,NA,NA,7014
30530,"広島・長崎の名を冠に日本版ノーベル平和賞　戦後５０周年記念に政府が創設検討 ",NA,6572,NA,NA
64472,"規制改革会議の後継組織、閣僚主導に　政府検討、経済界の反発必至",NA,11837,NA,NA
19972,"社会党・社民連の議員辞職願、議長に不許可要求へ　自民が方針内定　",NA,NA,1250,3550
51626,"あっせん利得罪、年内めどに与党案　３党で近く検討チームを発足 ",NA,NA,NA,9855
35798,"参院委証人喚問　桃源社社長が宣誓を一時拒否　「住専問題、政策ミス」と主張 ",NA,NA,NA,7151
68645,"日韓間の「補償問題、解決済み」　日本政府が外相談話 ",NA,12344,NA,NA
6326,"政治改革、挙党体制で　約３時間の竹下・伊東会談で一致 ",NA,NA,NA,998
47190,"少年法改正先送り　検察関与、野党と溝　法務省と自民方針",NA,NA,2695,9076
79865,"衆院「１月解散」強まる　「定額減税法案」提出後に ",NA,NA,NA,13608
30128,"派閥、年内に解消　自民党の５派が合意 ",NA,NA,1943,6005
7864,"消費税廃止法案を提出　参院野党４会派",NA,NA,NA,1360
43007,"所得税など４兆円減税　財政出動１０兆円規模　首相、路線転換鮮明に",NA,8500,NA,NA
25901,"自民、党議拘束を確認　政治改革法案きょう衆院通過",NA,NA,1777,5019
75834,"はしかワクチン急減、自治体確保か",NA,NA,NA,13041
96637,"柏崎刈羽　新潟知事　東電に反発　再稼働申請方針　社長と物別れ",NA,NA,NA,15559
25963,"１３議員の処分、きょう検討　自民党紀委",NA,NA,1781,5034
42848,"議員、あっせん利得禁止　腐敗防止法に合意　与党政治改革チーム",NA,NA,NA,8323
17979,"金丸元副総理が自民党副総裁に就任　宮沢政権、党内の安定化狙う ",NA,3843,1139,3148
85286,"菅新首相に期待、５９％　投票先、民主３３％・自民１７％　朝日新聞社世論調査",NA,14922,4304,NA
33705,"社会党新党　来月下旬ズレ込みへ　リベラル結集メド立たず ",NA,NA,NA,6701
73908,"北朝鮮制裁での船舶検査　海自活動は不審船追尾　米軍に情報提供へ／政府検討 ",NA,13013,NA,NA
13009,"パレスチナ問題での国際平和会議、現時点は無理　ベーカー米国務長官",NA,2672,NA,NA
43963,"「力不足、私の責任」　参院選惨敗の橋本首相語る ",NA,8656,NA,8520
75605,"来夏サミット、外相会合は京都で　政府打診、アフリカ会議は横浜",NA,13206,NA,NA
34582,"再編速め国民に信問え　村山首相退陣　秋山耿太郎",NA,7218,NA,NA
24740,"細川首相、２３日に所信表明　特別国会を２週間延長",NA,5223,NA,4755
39660,"ペット輸入に法規制、感染症防止図る　健康調査も検討　厚生省方針",NA,NA,NA,7844
5355,"田中慶秋代議士が会長代行辞任　民社神奈川県連 ",NA,NA,NA,761
34803,"政治活動に施設使えば課税　宗教法人税制見直しへ　連立与党",NA,NA,NA,6946
54723,"道路公団民営化を検討　首相、行革相に指示　特殊法人改革の焦点",NA,10286,NA,NA
85043,"英保守党、連立に前向き　３０６議席獲得、交渉本格化",NA,NA,NA,14403
82234,"自民、世襲制限先送り　小泉氏次男らは「例外」",NA,NA,4183,NA
64421,"藤井・前日本道路公団総裁が提訴　解任取り消しを石原国交相に求め",NA,11828,3471,NA
84592,"北教組事件　小林千議員を参考人聴取　「かかわりない」説明 ",NA,NA,NA,14336
19345,"日ロ政策企画協議の早期開催に合意　渡辺外相とコズイレフ外相が会談 ",NA,4176,NA,NA
31764,"与謝野文相、オウム解散請求促す　テロ対策強化　おとり捜査も検討／政府答弁 ",NA,6769,NA,NA
98680,"待機児童１７年度５万人　政府見通し　解消目標達成できず",NA,17032,NA,NA
3510,"衆院税特委が初の会合　実質審議は１４日以降",NA,NA,NA,450
92531,"原発の避難計画「有効策作れず」　新潟知事が国制度見直し要望",NA,NA,NA,15779
6980,"参院選　届け出締め切る　競争率最高の５．３倍　選挙区２８５人・比例４０党 ",NA,NA,NA,1187
10593,"天皇の「お言葉」で政府最終調整　韓国大統領来日",NA,2128,NA,NA
87701,"計画停電、月内に原則廃止　家庭にも節電目標　政府対策骨子案",NA,15361,NA,NA
58861,"小泉首相「９月内閣改造」検討　農・防衛・厚労など対象 ",NA,10981,NA,NA
81931,"中国、ＩＴ開示制発足へ　政府調達限定　適用は１年先送り ",NA,14168,NA,NA
80354,"消費税上げ、２０１０年代半ば　今後３年は減税／政府方針 ",NA,13925,NA,NA
66605,"自民・橋本氏、派閥退会を表明　次期衆院選「小選挙区、出馬せず」 ",NA,NA,3529,11925
55121,"日英首脳会談　「京都議定書」米の参加必要　ブレア首相、構造改革への支持表明 ",NA,10364,NA,NA
65806,"菅・民主代表、きょう辞任表明　年金合意で紛糾も／両院議員懇談会 ",NA,NA,NA,11797
60027,"仏タンカー爆発　仏政府筋「テロの情報」　イエメン沖、１人が不明",NA,11167,NA,NA
2547,"サミット経済宣言に農業保護指標を採用　日英外相会談で合意 ",NA,492,NA,NA
78432,"民主、「武藤氏に反対」確認　空席回避は微妙　日銀総裁人事",NA,NA,4037,NA
83827,"実母からの資金　鳩山首相が修正申告へ　贈与税納税４億円超か ",NA,14602,NA,NA
55639,"小泉首相、「失業増やむを得ぬ」　「インフレ目標」には否定的 ",NA,10452,NA,NA
18632,"一転、きょう宮城へ　参院補選応援を強く希望　宮沢首相",NA,4030,NA,3280
11076,"防衛力の抑制を　ソ連には軍縮要求／大内・民社党委員長 ",NA,NA,NA,2096
83200,"自民幹事長に大島氏　総務・田野瀬氏　政調・石破氏 ",NA,NA,4251,NA
80285,"ビザ、類似申請は却下　倉田議員元秘書関連のみ発給　入管法違反事件",NA,NA,NA,13678
32336,"戦後５０年決議　最大野党の平成会が反発　参院は見送りへ ",NA,NA,NA,6465
9507,"衆院選　党派別当選者数（即日開票分）＝表・全文なし ",NA,NA,NA,1794
29846,"防衛大綱見直し　自衛官削減前提に策定　村山首相が表明 ",NA,6474,NA,NA
27198,"完全黙秘、名前も言わず　中村前建設相、１０日間の拘置決定",NA,5826,NA,NA
82867,"民主「国家戦略局」概要　議員１０人程度を常勤に　予算、外交、人事関与 ",NA,NA,NA,14074
37413,"第４１回衆院選あす公示　出馬予定１４００人超す ",NA,NA,NA,7470
34318,"住民税・所得税の２兆円減税、９６年度も継続　与党税調正式決定",NA,NA,NA,6837
10472,"農業保護削減に年度計画　ガット合意を求める／ＯＥＣＤ閣僚理コミュニケ草案 ",NA,2105,NA,NA
5777,"中国、経済引き締め強化　「開放」指導に誤り　趙総書記を批判／全人代首相報告 ",NA,1068,NA,NA
40908,"３年間に集中改革　佐藤総務長官起用は「名誉回復チャンス」　橋本首相が会見 ",NA,8198,NA,NA
54430,"小泉内閣、あす発足　山崎氏が幹事長に　自民総裁選、橋本氏に大差",NA,10210,3136,NA
36493,"［明日への条件−日本総点検］変わる産業と社会（５）電脳無法地帯（連載） ",NA,NA,NA,7270
87964,"自分を見るビンラーディン　潜伏中の映像　米政府が公開 ",NA,15405,NA,NA
3446,"ソ連外相と２６日に会談　宇野外相",NA,664,NA,NA
30741,"首相官邸に震災担当置く　阪神大震災の対応の遅れ教訓に危機管理を強化 ",NA,6621,NA,NA
3867,"「リクルート」、きょう審議　衆院税特委",NA,NA,NA,499
45351,"小渕首相、予算編成までに自自連立めざす　あすにも党首会談　調整は難航必至 ",NA,8898,NA,8757
59802,"日朝合意後、正常化交渉来月にも再開　閣僚級を検討／政府方針 ",NA,11108,NA,NA
40865,"小渕外相・堀内通産相が有力に　内閣改造と自民人事、最終調整入り",NA,8182,2276,NA
6195,"竹下首相、まずタイに到着　ＡＳＥＡＮ歴訪",NA,1164,NA,NA
70695,"自民、野呂田氏を除名　平沼・野田聖氏は離党勧告　郵政反対組を処分",NA,NA,3708,NA
67495,"自衛隊のイラク派遣１年延長　「米軍攻撃、影響なし」判断／政府方針 ",NA,12204,NA,NA
77278,"文化勲章、茂山千作さんら５人に　文化功労者は塩野七生さんら１５人／政府発表 ",NA,13491,NA,NA
18097,"「無罪」補償金、少年にも交付　法務省が国会に法案提出へ",NA,NA,NA,3170
21898,"国の環境アセス推進　汚染者に「経済負担」　環境基本法の素案固まる ",NA,NA,NA,3959
94619,"衆院選　区割り勧告期限延長　民主、与野党協議で提案へ",NA,NA,NA,14995
59057,"田中知事不信任が可決　「県政に混乱招く」　解散なければ失職／長野県議会 ",NA,NA,NA,10916
92187,"ＴＰＰ、年内合意見送り　日米関税交渉、難航　閣僚会合",NA,16630,NA,NA
19814,"ＰＫＯ法案、衆院特別委で可決　週内成否で攻防へ　きょう本会議",NA,NA,NA,3507
96125,"ＴＰＰ対米協議加速　来月にも大筋決着　政府　難航分野切り離し",NA,16341,NA,NA
15585,"自民支持が史上２位の５４．８％、内閣も５０．３％／読売新聞社世論調査 ",NA,3344,967,NA
15611,"政治改革３法案の党議決定を持ち越し　自民総務会きょう２９日再協議 ",NA,NA,970,2732
46752,"北朝鮮に正式抗議　政府「国際法に違反」　不審船事件",NA,9096,NA,8993
2608,"竹下首相、ソウル五輪開会式に出席を表明 ",NA,510,NA,NA
85282,"国会延長へ　参院選７月２５日か ",NA,NA,NA,14452
85299,"我ら「奇兵隊」ＰＲ　菅内閣発足",NA,14929,NA,NA
59327,"首都機能移転　「中止」を強く示唆／与党３党 ",NA,NA,NA,10957
76092,"内閣支持３２％、不支持５１％　安倍首相の年金発言「信用できぬ」　朝日新聞社調査",NA,13283,NA,NA
47854,"［霞が関・再編始まる］（上）小さな政府　「国の姿」見直す起点（連載） ",NA,9251,NA,NA
73915,"核保有「議論は大事」　麻生外相",NA,13015,NA,NA
79985,"与謝野氏らに要職検討　麻生氏、早期解散を示唆　自民党総裁選討論会",NA,NA,4110,13629
68648,"ライス長官、牛肉輸入「解決すべき時」　再開、強く要求へ",NA,12345,NA,NA
77420,"民主、３人不同意へ　国会同意人事、５６年ぶりに否決の見通し",NA,NA,NA,13345
97188,"阪急阪神など　措置命令　虚偽表示ホテル３社　景表法違反認定　消費者庁方針",NA,NA,NA,15665
92167,"参院委、きょう採決強行　野党、反発強める　秘密保護法案",NA,NA,NA,15683
2223,"日米欧、構造調整の相互監視で合意　ＯＥＣＤ閣僚理閉幕",NA,426,NA,NA
16736,"パンキン・ソ連外相、「核削減は可能」",NA,3569,NA,NA
24348,"スハルト大統領、南北対話の活性化訴え　宮沢首相にメッセージ",NA,5116,NA,NA
33487,"自民・橋本新体制スタート　加藤幹事長・山崎政調会長・塩川総務会長の党三役 ",NA,NA,2049,6663
72794,"規制緩和、見直し２０法　ＪＲ脱線・耐震偽装…続く弊害　今国会で成立",NA,NA,NA,12658
54685,"三重の接触墜落事故、小型機が直前左旋回か　複数目撃証言、航空法違反の疑い ",NA,NA,NA,10346
77636,"暫定税率、１０年維持　余剰、環境対策に　道路特定財源見直しで自公合意",NA,NA,4010,NA
9655,"海部首相、米へ出発",NA,1918,NA,NA
1732,"野党に減税協議の継続を呼びかけ／自民党 ",NA,NA,73,224
77330,"テロ特措法期限切れ　給油活動の海自、インド洋から撤収　きょう党首会談 ",NA,NA,NA,13320
47913,"北朝鮮のテポドン再発射時、ＫＥＤＯへの送金停止　政府が対抗方針 ",NA,9262,NA,NA
65911,"「説明責任ある」３割　国民年金問題で自民議員アンケート",NA,NA,3502,11820
10806,"欧州新状況に対応し戦略見直し　ＮＡＴＯ外相会議合意",NA,2168,NA,NA
2607,"「不公平税制、更に是正」　宗教法人など例示　竹下首相、ハワイで懇談 ",NA,509,NA,NA
69722,"在外投票権、憲法判断へ　選挙区も確認か　最高裁",NA,NA,NA,12218
16723,"ルーマニア・ロマン内閣、混乱受け総辞職　労働者は大統領の辞任要求",NA,3565,NA,NA
6274,"青森市長選、佐々木誠造氏が辛勝　社会推薦・関氏及ばず",NA,NA,NA,983
45708,"内閣改造　野田毅通産相が有力　閣僚兼務、建設・国土と文部・科技 ",NA,8958,NA,NA
11412,"イラク軍、クウェートを武力制圧　「暫定自由政府」樹立を発表",NA,2289,NA,NA
83961,"元秘書の石川議員を任意聴取　立件可否、年明け判断　民主・小沢氏団体の不記載問題",NA,NA,NA,14239
43305,"省庁改革法案、きょう衆院通過",NA,NA,NA,8393
7490,"進退決断、きょう２５日にも　女性問題の山下官房長官 ",NA,1457,NA,NA
6752,"中曽根氏の証人喚問要求決議案を否決　参院予算委",NA,NA,NA,1121
96657,"［現場から・１３参院選］（４）「逃した民意」維新苦悩（連載）その１",NA,NA,NA,15569
50171,"小規模市町村や離島の介護保険料　高齢者減免、計３年に　交付要綱明らかに ",NA,NA,NA,9561
82668,"道州制への移行、立法後６〜８年　自民、政権公約に明記へ",NA,14297,4210,NA
69571,"日中財務相会談　谷垣財務相が早期の人民元改革を要請　定期「対話」で合意 ",NA,12487,NA,NA
44642,"金融再生新法、来月施行めざす　政府・自民が提案へ　週内にも党首会談 ",NA,8797,2525,8630
73696,"自民党役員きょう決定　二階氏、選対責任者に　新内閣…冬柴氏は国交相有力 ",NA,12959,3861,12727
35385,"住専争点にあす投開票　参院岐阜補選",NA,NA,NA,7083
38223,"３０日免停、ボランティアで免除　警察庁が道交法改正試案",NA,NA,NA,7620
12433,"南北朝鮮　「首脳会談に期待」　金主席、韓国首相に表明 ",NA,2532,NA,NA
25323,"小売価格の上昇必至　政府、動向を監視へ　戦後最悪のコメ凶作",NA,5366,NA,NA
60975,"「環境税」導入を検討　２００４年度にも方向性／政府・与党 ",NA,11291,NA,11142
70843,"７０歳以上の長期入院　調理・光熱費、自己負担　来秋の実施目指す／政府・与党 ",NA,12645,NA,12445
21608,"社党証人の喚問を断念　自民",NA,NA,1398,3860
96155,"自民「衆院比例を３０減」　改革原案　８ブロックに再編",NA,NA,4607,15421
79103,"地方議員、日当廃止３６％　定数削減８割超す　朝日新聞社調査＝訂正あり",NA,NA,NA,13548
41411,"政府景気対策素案　航空運賃規制も緩和　値下げ競争促進図る ",NA,8262,NA,NA
10052,"「政権交代へ責任」　社会党、土井新体制が発足　党大会閉幕",NA,2001,NA,1932
49627,"「使用期限」で日米交渉へ　普天間移設、名護市長が受諾表明",NA,NA,NA,9462
39258,"組織防衛へ政治力（郵便貯金はだれのために　改革と市民第３部：５）",NA,NA,NA,7758
5304,"中ソ外相会談で大きな成果　李鵬首相語る ",NA,981,NA,NA
3538,"米の業界がコメ開放を再提訴　新通商法３０１条をタテに　４年内、１０％枠要求 ",NA,NA,NA,457
46257,"対北朝鮮「対話と抑止」で　高村外相、韓国大統領らに強調",NA,9028,NA,NA
18781,"共和や佐川事件などで阿部氏らの喚問　公明、共産両党も要求／参院予算委 ",NA,NA,NA,3331
92386,"橋下市長、出直し選表明　大阪都構想争点　自・民は擁立見送り",NA,NA,NA,15758
27694,"中華航空機事故で政府が対策本部 ",NA,5970,NA,NA
98662,"［視座　１４衆院選］（１）成長戦略の加速　重要　高橋進（連載）",NA,NA,NA,15993
5680,"消費税延期や撤回考えない　安倍幹事長語る",NA,NA,294,NA
57007,"「緊縮型」の是非争点に　来年度予算の政府案決定",NA,10659,NA,NA
7578,"消費者の視点、強調　税制含め４課題、海部首相が米で所信",NA,1487,NA,NA
58161,"有事法制、「国民の協力」努力義務　関連法提出、２年以内に",NA,NA,NA,10790
10860,"消費税　与野党の協議を尊重　海部首相、決着に意欲／衆院税特委 ",NA,2183,NA,2057
76552,"参院議長に民主・江田氏内定　臨時国会きょう召集 ",NA,NA,NA,13204
48182,"国旗・国歌法が成立　賛成１６６、反対７１",NA,NA,NA,9236
49556,"通常国会、前倒し召集　政府・自民が検討　「衆院定数削減」審議日程を確保 ",NA,9481,2871,9448
40181,"「都議選に関心」４１％　投票政党、共産２位　朝日新聞社世論調査",NA,NA,NA,7916
19752,"チェコ、連邦派が第１党に　スロバキアは半数近くが分離派支持／総選挙出口調査 ",NA,NA,NA,3487
90068,"原発、首相の指示権限定　規制委法案、成立へ　３党合意",NA,15997,NA,15099
53802,"４野党党首、森首相の即時退陣要求で一致　内閣不信任案、提出時期を調整 ",NA,10108,NA,10190
1686,"６１年の政治資金、総額３０００億円を突破　地方分は３割増の１４２１億円 ",NA,NA,NA,221
54582,"外務省冷戦　小泉「改革内閣」、目玉の田中外相はアキレスけん？",NA,10250,NA,NA
38837,"北朝鮮から亡命の黄書記、韓国直行へ　中韓合意と韓国政府筋",NA,7889,NA,NA
58476,"陳謝と再発防止要求　川口外相、省内に対策本部　総領事館事件",NA,10916,NA,NA
37545,"３党首会談　橋本首相、連立維持を要請　社民は態度保留　さきがけ行革前提に ",NA,7658,NA,7512
48202,"通信傍受法案、成立へ　衆院、徹夜の審議　不信任案を自自公否決",NA,NA,2776,9245
79937,"臨時国会、冒頭解散へ　最速２９日　総選挙１１月上旬軸　",NA,NA,NA,13621
69573,"［地球を読む］「靖国」日本の岐路　次期首相への踏み絵　葛西敬之（寄稿） ",NA,12488,NA,NA
83850,"（政権交代　８８日目）予算陳情、９知事のみ　民主ルールで激減　朝日新聞社調査",NA,14611,NA,14228
21456,"自民党竹下派分裂か　羽田派の結成やむなし　小渕会長が表明 ",NA,NA,1366,3811
68116,"女性天皇　７９％「賛成」　内閣支持率４８．０％／読売新聞社世論調査 ",NA,12295,NA,NA
19171,"暫定政府樹立し総選挙めざす　アフガン反政府指導者・マスード氏会見",NA,4129,NA,3383
82063,"「社会保障」「生活」２省新設　厚労省を分割　麻生首相検討へ ",NA,14184,NA,NA
21635,"自衛隊機で他国のカンボジアＰＫＯ輸送に協力　政府、来週にも決定へ",NA,4588,NA,NA
16065,"橋本蔵相が辞意固める　証券不祥事や元秘書の不正融資仲介で審議への波及を懸念 ",NA,3431,NA,NA
80099,"談合２社から計７２万円献金　中山国交相の党支部",NA,13883,NA,13649
62256,"りそな、公的資金申請へ　初の特別支援　政府、きょう危機対応会議 ",NA,11480,NA,NA
88223,"地震想定を拡大へ　政府調査委、過去の発生例にとらわれず予測　防災計画に影響",NA,15464,NA,NA
35091,"［政まつりごと］第五部検証・連立政治（１０）党議と信条（連載） ",NA,NA,NA,7011
12398,"ジョージの威力　首脳会談後、首相は変わった（湾岸危機と日本：１）",NA,2524,NA,NA
96482,"原発「帰還困難」２万５３００人　福島７市町村　警戒区域再編あす完了",NA,NA,NA,15493
84792,"「平沼党首」で合意　新党１０日結成　参院比例に「１０人」 ",NA,NA,NA,14360
33233,"武村蔵相らタヒチ入り ",NA,6979,NA,NA
11705,"サウジなどへ医師ら２００人　海部首相、難民向け医療協力の方針",NA,2337,NA,NA
27906,"税制など３分野協議　青雲加え対案集約へ　社・さきがけ党首が合意 ",NA,NA,NA,5510
91898,"東電社長、国会閉会中審査で釈明　福島第一汚染水問題",NA,NA,NA,15624
53780,"実習船事故連絡後もゴルフ　森首相「判断誤った」／衆院予算委 ",NA,10099,NA,10183
37821,"参院兵庫補選、芦尾長司氏が当選　投票率は史上最低の２１％",NA,NA,NA,7563
40129,"来春の高校教科書、「慰安婦」記述増える　政府見解が基準に",NA,8067,NA,NA
37952,"法人税率１％下げで調整　「税収中立」で曲折も　大蔵・自民経済団体",NA,NA,2184,NA
40796,"元衆院議長の福田一氏死去",NA,NA,NA,7987
93402,"あせた希望、冷めた現実　米中間選挙　アメリカ総局長・山脇岳志",NA,NA,NA,15950
15246,"新任務に海外災害派遣　ＰＫＯと切り離し　防衛庁が自衛隊法改正検討",NA,NA,NA,2669
89984,"薬事行政監視、進まず　第三者機関創設の法案断念へ　政府",NA,15962,NA,NA
86898,"「たちあがれ」連立否定が大勢 ",NA,NA,NA,14675
11151,"海部首相きょう８日の日程＝現地時間 ",NA,2244,NA,NA
78823,"政府方針、消費者庁を来年度創設　骨抜き懸念、前倒し　",NA,13706,NA,NA
43763,"長銀再建へ第一勧銀、大和銀と合併構想　政府、自民が支持　週明けにも本格協議 ",NA,8626,2421,NA
80362,"銀行の会計ルール緩和　市場安定策、麻生首相きょう指示",NA,13927,NA,NA
67015,"独禁法の課徴金１０％に引き上げ　公取委、法改正で最終調整　上げ幅は圧縮 ",NA,NA,NA,11951
16490,"対ソ支援は速やかに　サッチャー前英首相強調　加藤読売新聞社編集局長と会見 ",NA,3513,NA,NA
88043,"発送電分離を検討　首相、保安院切り離しも ",NA,15422,NA,NA
31149,"東京共同銀融資問題　「否決される可能性高い」　公明都議団長が表明 ",NA,NA,NA,6226
74173,"和歌山知事を逮捕　県工事談合の疑い　収賄も捜査",NA,NA,NA,12791
5503,"比・カンボジアへの積極的貢献を表明　日米首脳会談で竹下首相",NA,1014,NA,NA
21882,"「ガイダル首相」を否決　エリツィン政権に痛手　ロシア代議員大会",NA,4643,NA,3951
51342,"総選挙に約１４００人　きょう公示",NA,NA,NA,9781
13335,"中山外相、１３日に訪米　湾岸情勢で最終対応探る",NA,2770,NA,NA
72471,"米軍再編、進展に応じ振興金　政府検討、移転先に協力促す",NA,12814,NA,NA
69152,"北朝鮮の燃料棒取り出し　「核計画廃棄を」／小泉首相 ",NA,12436,NA,NA
5692,"中国の大気汚染監視センター建設援助計画促進を指示　竹下首相",NA,1051,NA,NA
91547,"日韓、歴史問題で平行線　「関係発展」は一致　外相会談",NA,16460,NA,NA
31333,"村山首相の訪中、５月で調整　日中首脳会談で合意／コペンハーゲン ",NA,6719,NA,NA
13154,"衆院８選挙区が違憲状態　一票の格差広がる／国勢調査速報値読売新聞社集計 ",NA,NA,NA,2386
18013,"ＰＫＯ法案の再修正を示唆　加藤官房長官",NA,3852,NA,NA
20211,"北方領土問題の前進へ渡辺外相意欲　クナーゼ・ロシア外務次官と会談",NA,4336,NA,NA
92144,"徳洲会マネー、９７議員に　献金・融資１２８２万円　昨年の政治資金",NA,NA,NA,15679
49925,"喫煙率半減計画“難産”　業界反発、自民も批判　板ばさみの厚生省、再議論 ",NA,NA,2885,NA
94041,"避難準備区域を解除　福島５市町村　２万８０００人帰宅支援 ",NA,NA,NA,14887
60454,"金沢市長選　山出保氏が４選 ",NA,NA,NA,11064
48755,"［臨界事故の衝撃］（中）「想定外」政府も対策欠落（連載） ",NA,9375,NA,NA
86568,"日中首脳　２２分間会談　菅首相、尖閣「立場」伝える ",NA,15142,NA,NA
10206,"新行革審が最終答申　柔軟財政運営の確立を　海部首相に提出 ",NA,2028,NA,NA
94872,"枝野経産相　原発稼働「一瞬ゼロ」　５月５日　泊が停止　大飯　間に合わず",NA,15927,NA,NA
26605,"灘尾弘吉氏が死去　元衆院議長、文相を６度",NA,5639,NA,5186
75967,"安倍首相、年金を争点化　参院選へ巻き返し懸命「最重要公約に」",NA,13266,NA,13067
54085,"自民総裁選　小泉氏、出馬固める　対抗馬、橋本氏軸に ",NA,NA,3067,NA
77496,"日中、ガス田解決へ努力　福田首相、早期訪中の意向　首脳会談",NA,13527,NA,NA
65218,"盧武鉉大統領に弾劾訴追案　野党提出、成立は微妙　韓国",NA,NA,NA,11750
78428,"日銀人事案　「武藤総裁」きょう提示　副総裁に白川元理事ら ",NA,NA,4036,NA
11636,"イラク政府、経済制裁に警告　「外国人幼児に飢え及ぶ」",NA,2326,NA,NA
27704,"国会運営で自社が密接に連携　幹事長・書記長協議で確認 ",NA,NA,1867,5465
14912,"政策変更、当面ない　地価対策に全力　橋本蔵相がＧ７後に会見 ",NA,3190,NA,NA
62303,"小泉首相、ブッシュ大統領との首脳会談のためきょう訪米",NA,11488,NA,NA
36279,"ペリー米国防長官と基地巡り会談　大田・沖縄県知事",NA,7492,NA,7237
50953,"森首相、米欧露歴訪から帰国 ",NA,9667,NA,NA
43814,"住友信託、長銀を救済合併　公的資金投入も　不良債権の処理法、相違残す ",NA,NA,NA,8486
20043,"宮沢首相３０日の日程＝現地時間 ",NA,4296,NA,NA
38561,"オレンジ共済の友部議員逮捕許諾請求へ　詐欺容疑で捜査当局が準備",NA,NA,NA,7651
7095,"１５日に採択されたサミット政治宣言の骨子 ",NA,NA,NA,1206
41243,"郵政３事業、公社案浮上　自民党が一体維持で調整　職員の身分が焦点 ",NA,NA,2299,8051
77824,"今国会成立確実に　原告側と合意、野党評価　肝炎救済法案",NA,NA,NA,13405
31519,"合意文書、歩み寄り　与党訪朝団、北朝鮮側と未明まで協議続ける",NA,NA,NA,6311
2341,"カンボジア早期解決に援助や対話仲介　サミットへ政府方針",NA,444,NA,NA
5848,"リクルート疑惑　高石前文部次官逮捕で政府衝撃　教育現場へ影響憂慮／政府 ",NA,1073,NA,NA
88880,"政治を前に進めよ　政治部長　玉井忠幸 ",NA,NA,NA,14860
24609,"非自民８党派の連立政権　戦後政治に新たな一章 ",NA,5178,1715,4701
9802,"大統領にゴルバチョフ議長推薦　ソ連人民代議員大会で投票へ",NA,NA,NA,1886
57217,"対ＡＳＥＡＮ「ともに歩む」　小泉首相が外交演説で基本理念 ",NA,10705,NA,NA
38160,"経済構造改革特別措置枠　脳研究など最優先　橋本首相が決定、総額３０００億円 ",NA,7773,NA,NA
32431,"緊急経済対策　地価税率ゼロに　有価証券取引税は撤廃／自民原案 ",NA,NA,1991,NA
37048,"近づく選挙、街に活気も　サラエボ",NA,NA,NA,7354
66175,"米国産牛肉、輸入一部再開の方針　まず若牛の筋肉　政府",NA,12051,NA,NA
34066,"クリントン米大統領、早期訪日めざす　「沖縄」新機関２０日にも／日米外相会談 ",NA,7143,NA,NA
30453,"社党臨時党大会、２月１１日メド　新民連内に離党強行論も ",NA,NA,NA,6090
8390,"「北方領土、第三の方法を勉強」　ヤコブレフ氏、海部首相らとの会談で表明 ",NA,1634,NA,NA
55196,"「政権交代」地方は動く（日本の予感　「改革」の光と影：５）",NA,10377,NA,NA
77902,"通常国会、１８日に召集",NA,NA,NA,13415
36029,"新進党、船田元氏の役職解任　新党構想に批判噴出 ",NA,NA,NA,7189
5210,"労働省関係さらに４議員　リクルート社によるパーティー券購入",NA,NA,NA,728
69824,"静岡知事に石川氏４選",NA,NA,NA,12227
18285,"阿部元長官の保釈決定　きょうにも手続き　共和汚職事件",NA,3935,NA,NA
25636,"兵庫・神戸市長に笹山氏再選 ",NA,NA,NA,4949
18423,"自民、「参考人」応じる　共和事件で鈴木元首相の聴取",NA,3976,1166,NA
42122,"社民党首選　土井氏が無投票再選　閣外協力は当面継続 ",NA,NA,NA,8202
84783,"内閣支持　急落３３％　普天間未決着なら「退陣を」４９％／読売新聞世論調査 ",NA,14804,NA,NA
10669,"ミャンマー　総選挙で民主派ＮＬＤが圧勝　軍事政権、首都敗北認める ",NA,2144,NA,2041
9503,"衆院選　自民、安定多数へ　社党大躍進、１３０台確実　公共民は不振／即日開票 ",NA,NA,669,1790
67077,"政府「座間へ移転、困難」と米側に伝達　再編計画の柱、陸軍司令部",NA,12144,NA,NA
7408,"総人口１億２２３３万人　一票の格差、衆院は３．１８倍に拡大／平成元年３月 ",NA,NA,NA,1304
92493,"厚労省、独法入札に便宜か　参加要件、公示後書き換え　担当者「不正ない」",NA,NA,NA,15776
18686,"宮沢内閣、不支持５６％に　支持は２７％に急落　朝日新聞社世論調査",NA,4047,NA,NA
444,"竹下内閣支持率、やや低下し４４％　朝日新聞社世論調査",NA,91,NA,NA
6833,"ロカール仏首相、「最大限の圧力必要」　中国の民主化運動摘発で表明",NA,1306,NA,NA
5720,"対北朝鮮関係、国会答弁で「反省」　外務省首脳意向",NA,NA,NA,850
27565,"日米包括協議の再開合意できず　新政権下で再協議／カンター・羽田会談 ",NA,5927,NA,NA
27334,"東証理事長に山口光秀氏　日銀総裁には松下康雄氏の公算 ",NA,NA,1842,NA
69443,"床下換気扇を売りつける点検商法　代理店主５０人が１７億円の申告漏れ ",NA,NA,NA,12180
88737,"首相、退陣を明言　２法案成立時　岡田氏は大連立言及 ",NA,15566,NA,14841
46199,"自治体・民間協力１０例示　港使用や物資輸送　周辺事態米軍支援",NA,NA,NA,8903
62901,"辻元前議員逮捕　土井党首元秘書も　秘書給与１８００万円詐欺容疑＝号外も発行 ",NA,NA,NA,11410
96627,"参院選きょう公示",NA,NA,NA,15552
45709,"自自党首会談、激しい応酬　閣僚数譲歩、安保にこだわった小沢氏",NA,8959,NA,NA
54345,"［いま首相を問う］（４）米経済学者　ジョン・ガルブレイス氏（連載） ",NA,10197,NA,NA
83059,"谷垣氏、自民党総裁選出馬へ　若手らの動向焦点",NA,NA,4239,14142
89391,"発送電分離、検討開始へ　閣僚会議に改革論点",NA,15791,NA,NA
6189,"後継総裁、伊東氏に就任を６日に正式要請／安倍自民党幹事長 ",NA,NA,364,974
36162,"政府、応じる方針　北朝鮮支援の国連アピール",NA,7470,NA,NA
70162,"衆院選きょう公示　少数激戦１１００人超出馬へ　自・民対決、２８０選挙区 ",NA,NA,NA,12326
41160,"都道府県の法人事業税　税率０．５％ー１％下げ　政府が方針 ",NA,8235,NA,NA
27001,"ゼネコン汚職　竹内前知事が鹿島の現金授受否認　贈賄側も無罪主張／東京地裁 ",NA,NA,NA,5299
95065,"首相「１５日までに採決」　一体改革　民主が修正協議要請",NA,15981,NA,NA
16454,"核軍縮促進の決議案を発表　ソ連人民代議員大会の大会決議起草委",NA,NA,NA,2866
19563,"タイ　首相ポストは民選議員とする改憲案　与党５党が例外認めずで合意 ",NA,4207,NA,3447
2153,"竹下首相「善隣友好外交を堅持」　日中発言で奥野長官更迭",NA,417,NA,NA
14020,"李鵬・中国首相、無条件撤退をイラク副首相に要求　湾岸戦争",NA,2959,NA,NA
24498,"連立へ非自民の党首会談提案／社会党・山花委員長 ",NA,NA,1667,4632
27160,"広範な黒字削減策迫る　クリストファー米国務長官、細川首相と会談",NA,5806,NA,NA
24664,"自民、特別国会「会期２０日」提案へ ",NA,NA,1726,4725
71084,"道路特定財源、２００７年度から一般財源化　暫定税率は維持／政府・与党調整 ",NA,12674,NA,12474
17171,"新内閣もあす発足　残る三塚派との調整",NA,3656,NA,NA
58453,"総領事館中国警官侵入　小泉首相「冷静対応を」 ",NA,10913,NA,NA
18405,"刑事被告人は除外　証人喚問基準で自民が試案 ",NA,NA,1163,NA
77974,"消費税上げも念頭　福田首相、社会保障改革へ意欲",NA,13603,NA,NA
26359,"参院政治改革特別委　審議日程は物別れ　年明けに改めて協議 ",NA,NA,NA,5119
66860,"民主・岡田代表、再選　民主党代表選",NA,NA,NA,11942
74854,"与党内から辞任論　野党３党も要求　柳沢厚労相「産む機械」発言",NA,13151,NA,12916
39878,"千葉市長選に４氏が届け出",NA,NA,NA,7871
63550,"衆参２０４人、新「民主党」誕生　民主、自由が合併協議書に調印",NA,NA,NA,11493
16347,"ソ連邦離脱のバルト３国にＯＤＡ供与　経済支援策を検討／政府 ",NA,3495,NA,NA
61631,"「水」の国際監視を提言、政府関与求める　フォーラム開幕",NA,11389,NA,NA
92542,"集団的自衛権行使容認、慎重論が噴出　自民が党内論議",NA,NA,4694,15781
70988,"西村真悟議員きょう逮捕　弁護士法違反容疑　民主、議員辞職要求へ ",NA,NA,NA,12462
69985,"［「壊党」・解散］（下）政界流動化の序章か（連載） ",NA,NA,NA,12266
47683,"産業再生法案の概要固まる　政府、来月下旬に国会提出 ",NA,9231,NA,9147
1120,"安倍幹事長、浜田氏の責任問題で本格的な収拾へ　きょう再会談",NA,NA,35,NA
40856,"橋本首相、中国から帰国 ",NA,8180,NA,NA
64523,"小泉首相、靖国神社に参拝　４回目「初詣で」と説明、中韓は反発",NA,11844,NA,NA
14836,"北方領土問題の進展が前提と訪ソに慎重／海部首相 ",NA,3166,NA,NA
90805,"経済再生相に甘利氏　自公、原発依存減で一致",NA,NA,4564,NA
34889,"住専資料開示、秘密会案も／衆院予算委 ",NA,NA,NA,6966
61547,"坂井隆憲衆院議員を献金虚偽記載容疑で逮捕　５年１億２０００万円",NA,NA,NA,11210
24949,"社会党、来月に委員長選挙",NA,NA,NA,4818
28723,"日の丸・君が代・日米安保　社会党が見解見直しへ　首相答弁は「自衛隊合憲」で ",NA,6242,NA,NA
8086,"中曽根元首相の喚問、参院で決議案も　参院社党の野田国対委員長",NA,1592,NA,1421
9945,"大店法の出店規制、大都市部は除外　海部首相、法廃止含め調整",NA,1980,NA,1917
7765,"徳島県知事に三木申三氏が３選 ",NA,NA,NA,1346
8479,"参院税特委の税制再改革法案、野党側が修正方針　審議、週内空転へ",NA,NA,NA,1524
33193,"自民総裁選　森喜朗氏の出馬固まる　旧三塚派、河野グループが支援へ ",NA,NA,2027,NA
46962,"統一地方選後半戦告示　２４市長が無投票当選　市区議、女性候補最多 ",NA,NA,NA,9031
82449,"首相、２閣僚を補充　反対強く党人事断念　林芳正・経財、林幹雄・国家公安 ",NA,14255,NA,13952
49973,"山形市長選、３氏届け出　ヤミ献金で出直し",NA,NA,NA,9515
65378,"小泉首相「テロ、心構えを」　郵政民営化準備室長に前農水次官起用",NA,11925,NA,NA
12099,"中東貢献策　アジア・東欧にも　政府、具体策の検討着手 ",NA,2443,NA,NA
2742,"竹下首相元秘書も売買　リクルート関連非公開株譲渡",NA,533,NA,NA
83768,"社民党首選　福島氏が無投票４選へ ",NA,NA,NA,14221
69770,"北の核　政府、平和利用も認めず　エネルギー支援の条件に　６か国協議で方針 ",NA,12504,NA,NA
38136,"新進分裂、２６日「羽田新党」　十数人が参加意思　小沢氏の慰留を拒否 ",NA,NA,NA,7608
89431,"東電、１０議員を「厚遇」　パーティー券多額購入",NA,NA,NA,14961
12486,"［転換期の日本政治］第二部（８）国際責務を問う　同盟の証（連載） ",NA,NA,NA,2254
25661,"「できる限り実行」　第三次行革審答申受け、細川首相",NA,5433,NA,NA
50153,"最高裁判事に町田顕・東京高裁長官が内定 ",NA,9546,NA,NA
61133,"生保の予定利率下げ　今国会に法改正案／金融庁方針 ",NA,NA,NA,11153
98689,"衆院定数減「答申通りに」　調査会検討中　自・民・維　党首明言",NA,NA,NA,16013
5279,"リクルート社の献金、一方的非難は不当　自民党が「疑惑」拡大で異例の見解 ",NA,NA,274,748
42057,"通勤・通学には自転車に乗ろう　温暖化対策で政府が呼びかけ ",NA,8365,NA,NA
26898,"衆院の新勢力分野 ",NA,NA,NA,5278
57766,"色丹島診療所建設　小泉首相が経緯の調査を表明／衆院予算委 ",NA,10792,NA,10724
85042,"徳之島３町長「拒否」表明へ　普天間移設　きょう首相と会談 ",NA,14851,NA,NA
61465,"大島農相の「秘書疑惑」答弁メモ　衆院法制局が相談受け作成 ",NA,11366,NA,11189
2931,"大蔵省、国会絡み前向き姿勢　リクルート関連株譲渡＜解説＞",NA,NA,NA,348
77348,"「大連立」小沢氏が提案　「絶対、党内まとめる」　自・民党首会談の舞台裏 ",NA,NA,NA,13328
82435,"水俣病、地域指定は継続　与党・民主救済法案、あす詰めの協議",NA,NA,NA,13946
89204,"福島県議選の候補者、「全国で脱原発を」９割　朝日新聞社アンケート",NA,NA,NA,14920
24995,"個人政治献金の税額控除盛り込みへ　所得控除と選択方式",NA,NA,NA,4827
11987,"ドイツ統一を最終承認　６カ国外相、「平和条約」に調印",NA,2421,NA,NA
39525,"橋本首相、豪へ出発 ",NA,7987,NA,NA
90386,"混迷、選挙の顔探し　民主・細野氏擁立論広がる　自民・石原氏の知名度魅力",NA,NA,4483,15199
94476,"副総理任命を検討　首相、岡田氏念頭　一体改革推進　閣僚人事２段階で",NA,15811,NA,NA
68123,"総合学習、削減の意向　国・数など時間確保　中山文科相",NA,12296,NA,NA
49083,"介護保険制度見直し　将来の法改正に含み　小渕首相が修正答弁／参院代表質問 ",NA,9424,NA,9347
27908,"税制改正は社党の意見聞き協議／政府与党方針 ",NA,6033,NA,5512
57540,"「デフレ対策月内に」　小泉首相が指示、危機時には公的資金を再注入 ",NA,10758,NA,NA
23610,"宮沢首相、公共事業の制裁指定に反発　「米、引き継ぎ不十分」",NA,4945,NA,NA
53735,"ＫＳＤ、村上議員事務所家賃も負担　９６年の代表質問後から５年間",NA,NA,NA,10176
83312,"普天間沖合移動なら「県内」容認　沖縄知事が意見書　防衛省アセス準備書に ",NA,NA,NA,14176
91412,"成年被後見人に選挙権　１３．６万人権利回復　改正公選法成立",NA,NA,NA,15495
3358,"知事選は佐藤氏リード　参院補選は石原氏抜け出す／福島ダブル選読売新聞調査 ",NA,NA,NA,413
34033,"村山首相、大田沖縄知事と月内に再会談へ　日米首脳会談の結果受け",NA,7135,NA,6768
21597,"「ＵＮＴＡＣ部隊に投票所守る任務も」　インドネシア外相と会見",NA,4585,NA,NA
48224,"自自公、９月末に連立政権　「予算」で協議着手　小渕首相が示唆 ",NA,9296,2780,9252
8443,"消費税見直し、食品非課税に慎重　政府税調委の報告骨子",NA,1646,NA,NA
29632,"クウェート国境から「軍撤収を完了」　イラク外相が言明 ",NA,6440,NA,NA
13283,"湾岸危機めぐり１月４日に緊急外相会議　ＥＣ",NA,2749,NA,NA
1917,"米ソ戦略核削減で対立解けず　首脳会談での調印は絶望／外相会談が共同声明 ",NA,337,NA,NA
84323,"民主・小沢幹事長、改めて続投宣言　オバマ米大統領との会談にも意欲",NA,NA,4284,NA
99129,"「音声記録　取り出し成功」　独旅客機墜落　仏政府、解析へ",NA,17169,NA,NA
91048,"首相のＧＷ訪ロへ調整　プーチン氏と森氏会談",NA,16336,NA,NA
24014,"カンボジアの国民政府構想　再提案に含み／シアヌーク殿下 ",NA,5035,NA,NA
88320,"３次補正「新体制で」　首相と岡田氏一致　解釈にはズレ　国会７０日延長 ",NA,15478,NA,14808
3969,"公明が首相発言評価　条件付きで税制法案審議入りを容認",NA,721,NA,NA
54206,"金融機関の不良債権、最終処理５年以内に　政府緊急経済対策、目標期限盛る ",NA,10174,NA,NA
67983,"永世皇族制廃止も　女性天皇前提に皇位継承３案　「婿養子」容認／政府検討 ",NA,12285,NA,NA
96309,"米韓、北に自制求める　ケリー長官　外相と会談　核保有国と認めず",NA,16380,NA,NA
91448,"民間活力、成長の柱に　高い目標、実現不透明　安倍政権、戦略第３弾を発表",NA,16440,NA,NA
5887,"日朝改善、韓国と協議を　宇野外相に崔韓国外相が要請 ",NA,1082,NA,NA
29179,"自衛隊ルワンダＰＫＯ　村山首相が派遣準備を指示 ",NA,6351,NA,NA
90296,"消費税、１４年４月に８％・１５年に１０％　法成立　野田首相「社会保障の財源」",NA,16046,NA,15172
76521,"温暖化対策　どうする国内排出量取引　米豪でも機運…政府、導入本格論議へ ",NA,13362,NA,NA
70230,"衆院選　公務員削減で火花　自民…郵政民営化で実現、民主…霞が関改革優先を ",NA,NA,3679,12351
24577,"山花・社党委員長、辞任きょう表明　衆院選惨敗の責任とる ",NA,NA,NA,4683
14078,"タイ国軍が無血クーデター　チャチャイ首相を逮捕　平和維持委が全権を掌握 ",NA,2970,NA,NA
21244,"政党政治の危機　金丸氏辞職で竹下氏に真相語る義務　佐川急便事件",NA,NA,NA,3749
412,"中曽根見解にとらわれず新間接税を検討　衆院予算委で首相強調",NA,85,NA,50
81063,"施政方針演説原案　２０１１年度に消費税上げ強調　麻生首相、小泉路線に決別 ",NA,14043,NA,NA
77592,"日中外相が会談　ガス田開発の決着つかず　「首相訪中まで」先送り ",NA,13541,NA,NA
26293,"三次補正と来年度予算　「政治改革」後に編成で連立与党が合意 ",NA,NA,NA,5105
60649,"岡田氏と菅氏、代表選本格化　民主党",NA,NA,NA,11096
82894,"（朝日・東大共同調査）各候補「党首力」頼らず　自民は組織　民主は政権能力　総選挙",NA,14318,4225,14080
10168,"鳥取市長選　前市助役・西尾迢富氏が当選 ",NA,NA,NA,1958
28568,"自社両党が選挙協力で近く協議　来夏の参院選に照準 ",NA,NA,NA,5661
22995,"６２年の総裁選資金流用か　金丸前副総裁の脱税起訴分の一部／東京地検 ",NA,NA,1520,NA
66596,"自民・橋本氏、きょうにも派閥会長の辞意表明　１億円献金問題で引責 ",NA,NA,3527,NA
49374,"政府、対北朝鮮制裁解除を検討へ　小渕首相、前向きの姿勢",NA,9461,NA,NA
27611,"渡辺美智雄氏、自民党離党断念を表明　河野総裁と会談 ",NA,NA,1866,5434
3904,"公明が６４年の活動方針案　連合政権論は後退、態勢固めを訴え",NA,712,NA,NA
83718,"鳩山首相と母、１１億円拠出　偽装容疑は３．５億円",NA,14569,NA,NA
57270,"道路公団民営化の推進委　人選に国会同意求めず　小泉首相が方針 ",NA,10715,NA,10657
47984,"国旗・国歌法案、きょう衆院を通過　自自公など賛成多数",NA,NA,2752,9198
45003,"中島洋次郎代議士、立件へ　政党交付金で虚偽報告の疑い　東京地検",NA,NA,NA,8701
27740,"南ア選挙　ＡＮＣ大勝確実に　得票６０％、黒人主導へ　マンデラ大統領６日選出 ",NA,NA,NA,5474
41963,"銀行自己資本比率の是正期間を猶予　「貸し渋り」改善促す　三塚蔵相が方針 ",NA,8354,NA,NA
85824,"政府・日銀、懸念を表明　円高対応、菅首相・白川総裁会談へ",NA,15015,4324,NA
78541,"道路財源の一般財源化を与党合意　民主と協議入り困難",NA,NA,NA,13485
24325,"平成４年度決算の歳入欠陥１兆５４８３億円　蔵相「財政非常事態」を宣言 ",NA,5110,NA,NA
88380,"玄海原発、再開容認へ　古川・佐賀知事「安全性クリア」",NA,NA,NA,14816
55477,"扇保守党党首、当面続投 ",NA,NA,NA,10479
18099,"「コメ」関税化受け入れを　「部分開放は不公平」／渡辺外相 ",NA,3887,NA,NA
96204,"［アベノミクス加速］（１）首相の決断　真価これから（連載）",NA,16356,NA,NA
47633,"中国に働きかけ　日米首脳会談で小渕首相表明",NA,9224,NA,NA
83846,"京都議定書の単純延長　政府、応じぬ方針 ",NA,14610,NA,NA
26112,"旧ユーゴ本格支援へ　明石代表の就任受け　政府、職員派遣も検討 ",NA,5539,NA,NA
78708,"日銀人事　「白川総裁」で決着　政府提示「渡辺副総裁」、民主に異論 ",NA,13689,4064,NA
21270,"自民・竹下派　２１日メドに新体制　「小渕会長」には小沢氏反発 ",NA,NA,1342,NA
17589,"１２閣僚、１０００万円超す株所有　宮沢内閣が資産公開",NA,3753,NA,NA
9558,"第１１８特別国会　会期１２０日間固まる ",NA,NA,NA,1816
14210,"湾岸復興支援、緊急援助隊派遣も　参院予算委で中山外相が見解示す",NA,2987,NA,2509
44041,"ＰＫＯの日本人、射殺される　政府派遣の政務官　タジキスタン",NA,8670,NA,NA
4508,"国会、あす１日に正常化　参院税特委でリクルート集中審議 ",NA,NA,NA,634
24543,"非自民の首相統一候補擁立に細川氏が前向き　新生党・小沢氏と接触 ",NA,5161,1687,NA
67922,"拉致被害者資料分析　北に結果伝達、抗議　「回答なければ厳しい対応」／政府 ",NA,12282,NA,NA
40872,"郵貯の民営化反対５４％　橋本内閣支持は５３％　朝日新聞世論調査",NA,8185,NA,NA
66454,"内閣法制局長官処分へ　年金改革法「ミス余りに多い」／政府 ",NA,12082,NA,11912
2778,"税制改革で公平・活力社会　消費税率に歯止め　竹下首相の所信演説骨格固まる ",NA,541,NA,NA
47078,"傍受対象犯罪半減　自民・法務省、組織犯罪法案の今国会成立めざす",NA,NA,2690,9063
14104,"ワルシャワ条約軍の解体に調印　近くコメコンも　外相・国防相会議",NA,2971,NA,NA
31633,"統一地方選前半　１３知事選などきょう投票　東京など激戦模様 ",NA,NA,NA,6335
27138,"中村前建設相の逮捕状請求　「在宅では解明困難」／三ヶ月法相 ",NA,5796,NA,NA
22912,"金丸前副総裁を逮捕　所得税数億円の脱税容疑　共謀の生原元秘書も／東京地検 ",NA,NA,1494,NA
21168,"自民党国会対策委員会に「けじめ論」　金丸前副総裁への違法献金問題",NA,NA,1332,3731
50392,"選挙改革に民主同調　今国会で成立確実 ",NA,NA,NA,9599
65270,"サパテロ・スペイン次期首相、イラク撤兵表明　米国の対応批判",NA,11919,NA,NA
57848,"鈴木氏の辞職勧告決議案を提出／野党４党 ",NA,NA,NA,10733
87010,"特許抜け駆けに歯止め　共同開発トラブル防ぐ　法改正案",NA,NA,NA,14684
25609,"規制緩和へ推進委設置　細川首相固める　調査・勧告権など持つ方針 ",NA,5425,NA,NA
1088,"衆院予算委、委員長除き収拾へ責任　与野党理事一致",NA,NA,NA,118
11159,"副書記長を新設、書記長報告の決議を基本承認　ソ連党大会",NA,NA,NA,2106
5097,"北朝鮮、軍事協議の南北首相級会談に応じる意向",NA,928,NA,NA
98724,"攻める与党、野党防戦　選挙サンデー　「どぶ板」大物狙い首相ら続々",NA,17035,NA,16040
17926,"両陛下の９２年秋訪中固まる　外相会談で中国側が招請　李首相も歓迎を表明 ",NA,3832,NA,NA
77694,"税制、抜本改革先送り　選挙意識し、地方配慮　与党大綱",NA,NA,NA,13384
36334,"在日米軍「楚辺」強制使用問題　執行命令訴訟へ／政府方針 ",NA,7508,NA,NA
16442,"主権国家連邦を提案、ソ連大統領と１０共和国　臨時人民代議員大会",NA,NA,NA,2862
47244,"衆院選挙制度改革　６党で協議機関設置　自自公の幹事長会談で合意 ",NA,NA,2698,9082
43237,"自民が先行、民主出遅れ　参院選へ主要政党、公認・推薦２７０人超す",NA,NA,2404,8385
65385,"２００４年度予算が成立／参院本会議 ",NA,NA,NA,11761
82539,"都議選　投票率上昇５４．４９％ ",NA,NA,NA,13974
41770,"出す？出さぬ？政治献金１億円　中止を含め検討中　悩む証券業界団体",NA,NA,NA,8120
23875,"政治改革で自民内の調整大詰め　宮沢首相・幹事長の２６日会談で妥協案作り協議 ",NA,4995,1568,4343
43460,"秋田市長に石川錬治郎氏３選",NA,NA,NA,8418
12938,"内閣改造は２０日前後に　海部首相、補正予算後を視野 ",NA,2651,NA,NA
24771,"政府税調、来月３日に総会を開催",NA,5239,NA,NA
29974,"税制改革法案、きょう衆院通過　議長あっせん案で収拾",NA,NA,NA,5960
89544,"局長更迭論強まる　野田政権、週内に結論　沖縄「講話」問題",NA,15840,NA,NA
80392,"２次補正予算、今国会に提出も／政府・与党 ",NA,13936,NA,13694
66950,"政治資金３年ぶり増　３．８％、１４００億円に／２００３年 ",NA,NA,NA,11947
7214,"自民党総裁選、立候補に必要な推薦は２０人に　記名投票など提言／党改革委 ",NA,NA,485,1260
69001,"自民・山崎拓氏が復活　宮城２区も自民・秋葉氏　民主が敗北　衆院２補選",NA,NA,3583,12142
73852,"政府、北朝鮮船舶検査の後方支援に特措法を検討 ",NA,13003,NA,NA
36103,"衆院採決前の自民・加藤氏招致、与党応じる方針　「ヤミ献金」問題",NA,NA,2103,7198
37606,"総選挙余勢、自民党が底力　岡山県知事選＜解説＞",NA,NA,2159,7527
7346,"参院は首相に土井たか子氏指名　両院協議会でも不一致",NA,1414,NA,1294
63131,"北朝鮮の「核」平和解決を確認　小泉首相、中国の李・外相と会談",NA,11577,NA,NA
53088,"公明党、児童手当の拡充断念も　自民党との財源調整難航",NA,NA,3023,10071
21360,"小沢氏の「勉強会」週明けにも　政策集団旗揚げ準備／自民党竹下派 ",NA,NA,1355,3787
72765,"スケート連盟　次期会長に橋本・参院議員が就任する見通し ",NA,NA,NA,12655
77483,"大阪市長選　民主推薦・平松氏が初当選　自公推薦の現職破る ",NA,NA,4002,13355
12190,"日朝三党共同宣言の「戦後の償い」には応じられぬ／外務省筋言明 ",NA,NA,NA,2198
39023,"大蔵改革、日銀法・独禁法改正法案きょう国会提出",NA,NA,NA,7728
79253,"海自給油活動、特措法で継続　延長法案を臨時国会提出へ／福田首相 ",NA,13753,NA,13564
9343,"衆院選、各党一気に対決機運　「自民か野党連合か」と海部首相　公民は社党批判 ",NA,1832,656,1742
2809,"消費税の価格転嫁カルテル容認　中小企業を対象　自民調査会　",NA,NA,166,NA
86081,"（危機の政治）「強い菅」へ、進化のとき　編集委員・星浩",NA,NA,NA,14580
24762,"小選挙区２５０、２票制に　企業・団体献金は５年後に全廃　社党方針",NA,NA,NA,4767
18064,"「慰安婦」謝罪　北朝鮮も対象　政府首脳が言明 ",NA,3872,NA,NA
35712,"血液製剤の扱いは研究班に一任　薬害エイズで元薬務局長の持永代議士",NA,NA,NA,7135
71771,"民主「責任ドミノ」も　送金メールで苦境　強気の前原代表、自民は静観の構え",NA,NA,3732,NA
28616,"サミット　村山首相は胃腸炎で９日の行事欠席　河野副総理が代理出席 ",NA,6225,NA,NA
51078,"児童虐待防止法が成立、今秋にも施行／参院本会議 ",NA,NA,NA,9724
43444,"財革法改正案、衆院を通過 ",NA,NA,NA,8414
57503,"ＮＧＯ排除問題　鈴木氏と外務省、頻繁に連絡　政府調査「関与」言及せず ",NA,10752,NA,NA
36093,"厚生省関係者、近く処分方針　エイズ薬害で菅厚相",NA,7454,NA,NA
12645,"国連平和協力法案の衆院廃案やむなし　海部首相と小沢幹事長が一致",NA,2586,774,2294
4261,"政府・自民がＯＤＡの協議機関　配分、党関与強める",NA,757,227,560
91508,"「法人税、大胆引き下げ」　自民公約、原発再稼働の方針も　参院選",NA,NA,4629,15520
27220,"山下　元利氏（自民党衆院議員、元防衛庁長官）死去 ",NA,5831,1837,5340
24289,"仙台市長ゼネコン汚職　「ハザマ」会長も逮捕　５０００万円を押収／東京地検 ",NA,NA,NA,4541
36164,"住専法案きょう可決　追加負担、与党声明も用意　衆院特別委",NA,NA,NA,7211
86813,"市議会リコール　名古屋　住民投票へ　２月実施有力　有効署名、法定数超す ",NA,NA,NA,14662
7364,"改正法案は通常国会に　消費税で政府・自民",NA,1427,529,1298
58550,"インド洋米軍支援　海自派遣期間、半年延長を決定／政府 ",NA,10928,NA,NA
67293,"小泉首相、迂回を否定　衆院予算委で自民の関与認めず　日歯連献金",NA,12182,3545,11970
67604,"「６者協議、維持を」　ＡＰＥＣで小泉首相",NA,12225,NA,NA
22990,"「不祥事相次ぎ国民におわび」　金丸氏起訴で宮沢首相が談話",NA,4842,NA,NA
34438,"最高裁への上告制限　法制審小委が改正案　民事訴訟法",NA,NA,NA,6857
56875,"発泡酒とたばこ増税を断念　与党の反発受け自民税調",NA,NA,3221,10615
24160,"単純小選挙区制の党議決定撤回を　社党委員長が自民に要求 ",NA,NA,1598,4460
9308,"両国政府、対韓円借款の終結に合意　６５年から計６５００億円",NA,1827,NA,NA
56883,"イスラエル、地上部隊で攻勢　自治政府、「宣戦布告」と反発",NA,10635,NA,NA
47324,"不審船への政府緊急策の全容判明　海上警備行動、事前閣議決定で対処 ",NA,9182,NA,NA
59010,"小泉首相、修正認める　信書便法案「原案通り」　郵政公社法案",NA,11000,NA,NA
26824,"米、数値目標で妥協案　明示避け「増加傾向尊重」　政府調達分野",NA,5708,NA,NA
93400,"オバマ民主、両院敗北　共和党、議会で主導権　米中間選挙",NA,NA,NA,15949
70260,"衆院選　拝啓、有権者の皆さんへ　一票の可能性を信じよう　編集委員・橋本五郎 ",NA,NA,NA,12363
31448,"１３知事選の候補者数、計４９人に",NA,NA,NA,6292
18997,"天皇訪中を重ねて要請　江沢民総書記が宮沢首相と会談　「尖閣」の棚上げは不変 ",NA,4094,NA,NA
25786,"過去直視し未来を構築　細川首相、植民地支配を陳謝　日韓首脳会談",NA,5469,NA,NA
4929,"「検察を信頼し対応」　高辻新法相が記者会見",NA,901,NA,NA
39201,"「１１特殊法人を整理」　廃止、民営化を明記／自民行革本部報告 ",NA,NA,2214,NA
4316,"特別委の尋問は現行法で　証言法改正の趣旨は尊重　証人喚問、江副氏らに通知 ",NA,NA,NA,576
9816,"リトアニア独立宣言の無効を提案／ソ連人民代議員大会 ",NA,NA,NA,1889
1,"竹下首相任命式も皇太子殿下が出席",NA,1,NA,NA
84042,"財務相に菅副総理　戦略相は仙谷氏兼務　藤井氏辞任受け ",NA,14680,NA,NA
43058,"日米蔵相が会談　日本に内需拡大要求　円安是正で一致 ",NA,8509,NA,NA
77265,"ＮＯＶＡが更生法申請へ　猿橋社長解任、負債５００億円超 ",NA,NA,NA,13308
5730,"「検察の対応見守る」　竹下首相、リ事件捜査で表明",NA,1055,NA,NA
10495,"山口市長に佐内正治氏 ",NA,NA,NA,2016
98198,"中間貯蔵施設に「地上権」　政府提案　国が３０年使用契約",NA,16883,NA,NA
98122,"健康寿命　１年長く　メタボ受診率　８割に向上で　２０２０年　政府目標",NA,16863,NA,NA
47227,"ガイドラインめぐり公明党首と会談　小渕首相が意向表明 ",NA,9157,NA,9080
33477,"自民、あす党大会　塩川氏、三役入り有力 ",NA,NA,2048,6661
67711,"ウクライナ国会、内閣不信任決議案を可決 ",NA,12249,NA,12009
34191,"宗教団体の政治活動　憲法２０条の政府見解を再検討 ",NA,7166,NA,6796
14585,"海部首相、米に出発　「スーパー３０１条」制裁法案に懸念表明へ ",NA,3097,NA,NA
4602,"「江副証言と食い違いは一切ない」　宮沢蔵相強調 ",NA,823,NA,NA
74663,"衛藤議員１億円資金問題　秘書給与も不透明　情報会社が１０００万円 ",NA,NA,NA,12884
31291,"東京円続騰、８８円台　日銀総裁は利下げ観測否定",NA,NA,1973,NA
83138,"鳩山首相外交デビュー　温室ガスで演説　「２５％削減」を国際公約／国連 ",NA,14395,NA,NA
14206,"イラクで反体制の動き拡大　バスラ知事・大統領の長男ら殺害か",NA,NA,NA,2508
89006,"南スーダンＰＫＯ調査団、きょう派遣　野田首相「貢献」演説へ",NA,15643,NA,NA
97937,"北、拉致全面調査を約束　日本、制裁一部解除へ　両政府合意",NA,16814,NA,NA
81508,"民主・小沢代表「国民におわび」　進退、選挙の勝算次第　西松建設の違法献金事件",NA,NA,NA,13824
16559,"「天皇訪問を歓迎」　ＰＫＯ参加構わぬ　タイ首相が読売新聞社と会見 ",NA,3533,NA,NA
42377,"参院選、都も即日開票　神奈川など追随か ",NA,NA,NA,8241
34611,"新財政均衡計画提示で、米政府機能が正常化　２６日まで暫定措置 ",NA,7229,NA,NA
41745,"法人税、２．７―２．８％引き下げ　来年度改正へ最終案／大蔵省 ",NA,NA,NA,8114
23797,"カンボジア総選挙は国際認知に自信　投票率は７０％前後／明石ＵＮＴＡＣ代表 ",NA,NA,NA,4307
6604,"宇野内閣スタート　「出直し改革」へ若手登用　科技庁長官に４０歳の中村氏 ",NA,1254,NA,NA
76917,"自民総裁選　福田氏圧勝の勢い　衆参２１３議員が支持／読売新聞社調査 ",NA,NA,3961,13265
80543,"栃木知事に福田氏",NA,NA,NA,13713
58867,"政治の価値下げて申し訳ない　鈴木宗男議員が心境（転落：上）",NA,NA,NA,10884
59959,"福祉タクシー、白ナンバーＯＫ　運送法の例外規定を適用　国交省",NA,NA,NA,11014
77476,"選挙公費、水増し横行　ポスター代も燃料代も",NA,NA,NA,13353
13455,"「中東和平会議、評価も」　イラク大統領、土井社党委員長と会談 ",NA,NA,NA,2437
28931,"人口格差２．１倍超す　衆院小選挙区３００の区割り案ほぼ決定",NA,NA,NA,5722
66924,"橋本元首相を聴取　日歯連の１億円献金で東京地検",NA,12130,NA,NA
39264,"「疑惑」国家公務員の退職金、起訴前でも支給留保　総務庁が法改正案",NA,NA,NA,7760
3684,"終日空転　延長国会の初日",NA,NA,NA,476
93642,"「存立事態」概念を明記　集団的自衛権行使向け検討　武力攻撃事態法",NA,NA,NA,16085
95457,"安倍氏が出馬表明　自民総裁選　林氏もきょう表明",NA,NA,4493,NA
27579,"渡辺美智雄氏が自民離党表明、新生党と連携期待　同調者２０人程度か",NA,NA,1862,NA
28894,"衆院選区割り法案「年内に施行」　臨時国会で成立へ　村山首相",NA,6278,NA,5716
32098,"長良川河口堰きょうから本格運用　「治水、利水に必要」と野坂建設相が最終判断 ",NA,6816,NA,NA
83515,"「天下り」巡り与野党論戦　人事官に官僚ＯＢ　民主は現実路線に／衆院予算委 ",NA,NA,NA,14197
63843,"石原国交相「藤井氏、適格性欠いた」　道路公団総裁解任を正式発表",NA,11721,3434,NA
48680,"協調介入困難か　米側声明、為替には言及せず　日米蔵相会談",NA,9361,NA,NA
42636,"日銀総裁の年収２０％下げへ ",NA,NA,2363,NA
65851,"小泉首相再訪朝は２２日　正常化交渉、日程確定目指す",NA,11987,NA,NA
13826,"「イラク復興に努力」　湾岸の戦後問題で証言／ベーカー米国務長官 ",NA,2891,NA,NA
85927,"鳩山氏「小沢氏を要職に」　部分連合より連立強調　本紙と会見 ",NA,NA,NA,14557
27966,"熊谷官房長官、連立再構築に向けて柔軟に対応する意向",NA,6044,NA,5523
74416,"安倍首相含め「やらせ」処分へ　司法改革でも判明　タウンミーティング",NA,13098,NA,NA
94349,"２閣僚問責きょう可決　一川・山岡氏　首相、続投させる方針 ",NA,15754,NA,NA
57216,"テロ・犯罪に絡んだ金融取引　弁護士らに通報義務／政府検討 ",NA,10704,NA,NA
32146,"「消防」団結権見送り　自治相と自治労委員長が合意　職員委新設し協議へ ",NA,6824,NA,NA
95995,"住宅ローン減税　年４０万　４年間延長　自公合意",NA,NA,4586,NA
578,"政府機関移転の基準案を各省庁に提示 ",NA,114,NA,NA
72581,"自民総裁選出馬　安倍氏、７月にも表明　次期内閣は「憲法改正が課題」 ",NA,12827,3766,NA
1581,"税制改革・政府税調部会の直接税率の例",NA,293,NA,NA
92005,"コメ、生産目標廃止を検討　政府、戸別補償減額も　減反見直し",NA,16587,NA,NA
21972,"自民税制改正大綱　９３年度１２３０億の増税　老人マル優拡大に政府税調は反対 ",NA,4672,1442,NA
60824,"見逃された？犯罪　異状死の２割、行政解剖せず　予算足りぬ自治体（解説） ",NA,NA,NA,11123
59141,"［裁く］第７部・あすの司法（１）再生法で迅速な再建（連載） ",NA,NA,NA,10932
85404,"（朝日・東大共同調査）民主、消費増税側に　自民も賛成強める　参院選立候補予定者",NA,NA,4314,14481
44296,"政治学ぶ模擬選挙、教室に試み（政治家よ　第２部　目覚め：１）",NA,NA,NA,8586
98537,"「エボラに未承認薬」方針　政府　国内確認時、医師判断で",NA,16987,NA,NA
88218,"２次補正「新政権で」　民主、早期退陣論が大勢 ",NA,15462,NA,NA
63384,"和平「行程表」に危機　アッバス首相が辞表　パレスチナ",NA,11617,NA,NA
39361,"特措法改正案、衆院を通過　棄権の村山元首相ら「造反」５人",NA,7962,NA,7790
35230,"予算案の衆院通過遅れ、暫定予算やむなし　久保蔵相が表明 ",NA,7351,NA,7048
62177,"森ビル、選定巡り提訴へ　民活で衆院宿舎改築、国初のＰＦＩ方式",NA,NA,NA,11290
63709,"郵政民営化、自民「来秋までに結論」　政権公約は後退",NA,11694,3424,NA
21493,"野党、佐川問題で証人喚問要求を拡大　国会代表質問",NA,NA,NA,3821
63936,"衆院選情勢２２万人世論調査　与党、安定多数の勢い／読売新聞社 ",NA,NA,NA,11561
71227,"来年度予算　きょう政府案決定 ",NA,12691,NA,NA
29325,"恒久減税と単年度の定率減税の「２階建て」で一致　武村蔵相と与党が会談 ",NA,6377,NA,5792
97301,"［知事辞職］（上）退陣会見でも疑惑晴れず（連載）",NA,NA,NA,15715
6832,"国会が閉幕　焦点、参院選に　各党は総選挙を意識",NA,NA,NA,1142
53278,"ＫＳＤが額賀福志郎氏側に１５００万円　官房副長官時",NA,10025,NA,NA
45867,"国連平和活動後方支援、個別に判断　衆院比例定数は５０削減　自自チームが合意 ",NA,NA,NA,8836
82294,"都議選へ与野党総力　総選挙の前哨戦、投票まで１か月 ",NA,NA,NA,13921
34562,"防災無線で自治体連結　阪神大震災の混乱教訓に　郵政省、研究開発へ",NA,NA,NA,6886
58837,"口利き見返り、鈴木議員に５００万円手渡し　最高検、逮捕許諾請求を了承 ",NA,NA,NA,10875
52980,"医療保険改革法が成立　船舶検査、クローン規制法も／参院本会議 ",NA,NA,NA,10052
