"id_all","Headline","codeN","missword","sampleloc"
61153,"国内でもネット障害　警察庁警戒 ",NA,NA,61153
69377,"「１０００曲ケータイ」秋登場　ｉＰｏｄミニ並み、東芝の超小型ＨＤＤ搭載",NA,NA,69377
45882,"年末から４００ドル上昇　ＮＹ株、初の９６００ドル突破",NA,NA,45882
25629,"公共工事入札運用は不透明　３割、結果公表せず　総務庁が改善勧告　",NA,NA,25629
2728,"ジャカルタで開かれる「非公式対話」に悲観的見通し　シアヌーク殿下が書面回答 ",NA,NA,2728
38569,"米軍普天間基地の給油・輸送機部隊の受け入れ、きょう表明　岩国市",NA,NA,38569
87098,"古代の豊かな供え物？　纒向遺跡から出土（テキスト表示なし）",NA,NA,87098
49855,"医療ごみの不法投棄許さぬ　処理業者の実態を調査、公表　厚生省",NA,NA,49855
75076,"土地境界、精密地図で策定　登記とのズレ解消、都市再開発を後押し　法務省本腰 ",NA,NA,75076
62491,"阻止したい冬の大流行（ＳＡＲＳの警告：１）",NA,NA,62491
46317,"「教師に不満」８割　いじめ相談は友人・家族／読売新聞社全国青少年アンケート ",NA,NA,46317
73415,"生活用品の事故情報、報告義務化へ　シュレッダー事故で経産省",NA,NA,73415
15697,"日本の経済協力を期待　ベトナム共産党・ムオイ新書記長会見",NA,NA,15697
25227,"東京・葛飾区長が議会を解散　ヤミ献金疑惑、不信任受け ",NA,NA,25227
44447,"株価急落　恐慌の危機を直視せよ　経済部長・太田宏 ",NA,NA,44447
93038,"がれき粉じん、７回宮城へ　福島第一原発５９キロ先　東大など調査",NA,NA,97313
67566,"中越地震　被害３兆円に／新潟県見通し ",NA,NA,67566
9952,"日切れ法案　衆院可決、参院へ送付 ",NA,NA,9952
63410,"動かぬ医師会に、青木参院幹事長「満足」　自民党総裁選",NA,NA,63410
50031,"プリマコフ氏、ロシア大統領選への出馬を断念",NA,NA,50031
29362,"中国向け低価格車開発　進出足場固め狙う／三菱自工 ",NA,NA,29362
42311,"参院選に２２３人出馬意向／読売新聞社調査 ",NA,NA,42311
42859,"９８年度予算、８日にも成立 ",NA,NA,42859
29334,"石原内閣官房副長官、退任へ　臨時国会後をメド ",NA,NA,29334
83208,"０８年政治資金　鳩山首相、個人献金５５人削除　企業献金、最少３３億円 ",NA,NA,83208
97266,"来日外国人１０００万人確実　政府目標　初の達成",NA,NA,95530
92740,"グレーゾーン、議論先行　与党安保協議　「方向性」きょう公表",NA,NA,96679
78997,"日本５億円支援　中国・四川大地震",NA,NA,78997
15328,"コメ開放、夏の終わりまでに決断を　ＯＥＣＤ閣僚理事会がコミュニケ採択へ ",NA,NA,15328
56728,"道路公団への国費打ち切り　「賛成」４知事だけ／読売新聞社緊急アンケート ",NA,NA,56728
67950,"インド洋津波　国際赤十字、死者１０万人の見方　感染症のまん延懸念 ",NA,NA,67950
10394,"日本は黒字減らし緩やかに　資金源の役割を重視　ＩＭＦが経済見通しで注文 ",NA,NA,10394
39356,"ビタミン剤「食品」扱いに　厚生省が決定　コンビニでも販売、値引き競争も ",NA,NA,39356
38950,"証券取引法、来年に抜本改正　手数料自由化へ　大蔵省方針",NA,NA,38950
62262,"厳格監査、なれ合いに幕（金融危機　りそなショック：上）",NA,NA,62262
42302,"長野五輪、多彩に報道",NA,NA,42302
60099,"北朝鮮拉致被害者５人、１７日に故郷へ　あす帰国",NA,NA,60099
91902,"公選法規定、受刑中選挙権なし「違憲」　大阪高裁初判断",NA,NA,94939
37969,"ＡＳＥＡＮにミャンマーも加盟　カンボジア、ラオスと同時　時期は明示せず ",NA,NA,37969
6963,"児童手当資金、給料から拠出も　制度改正試案で提言",NA,NA,6963
78540,"［食ショック］揺らぐ安全（２）春巻き材料、２７か国原産（連載） ",NA,NA,78540
37051,"銅不正取引事件　住商の内部資料入手　検察、背任容疑念頭に近く「専従班」設置 ",NA,NA,37051
91267,"保育所定員４０万人増　成長戦略、女性を活用　安倍首相方針",NA,NA,93671
26208,"貿易黒字が減少　円高効果で２年１１ヵ月ぶり　先月速報　",NA,NA,26208
17329,"新ラウンドの年内合意目指す　ヒルズ米通商代表と渡辺外相が会談 ",NA,NA,17329
43308,"破たん企業再建に新手法　和議法廃止も視野　倒産関連法見直しへ",NA,NA,43308
12782,"ソ連　政府・軍を大幅刷新　連立含み危機乗り切りへ　大統領、最高会議で表明 ",NA,NA,12782
31006,"［地球を読む］対北朝鮮　目離せぬ核武装化　岡崎久彦（寄稿） ",NA,NA,31006
38377,"アジア太平洋安保協力会議に出席の意向　北朝鮮",NA,NA,38377
29844,"内視鏡の検査・治療・投薬、５年間で２２５人死亡　学会調査",NA,NA,29844
91837,"（２０２０東京五輪　号砲ニッポン：２）変わる街、膨らむ負担",NA,NA,94800
16979,"「非自民」で野党再編　社民勢力と公明結び　連合政治委が答申",NA,NA,16979
20409,"ポル・ポト派の意向考慮　対カンボジア自衛隊派遣で政府首脳 ",NA,NA,20409
4139,"税制国会の１ヵ月再延長を検討　自民、衆院通過に自信",NA,NA,4139
40447,"最高裁判事に元原利文氏を内定",NA,NA,40447
56653,"２次補正、国債償還財源から２．５兆円　「３０兆円枠」は堅持",NA,NA,56653
21088,"殺菌剤「イマザリル」添加物使用の認可に向け諮問　厚生省",NA,NA,21088
59347,"９月末に内閣改造、小泉首相固める　主要閣僚は続投濃厚、自民３役も留任方針 ",NA,NA,59347
4617,"宮沢蔵相、Ｆファイナンス社の仮払い認める　「融資」は重ねて否定／参院税特委 ",NA,NA,4617
56290,"英の地上軍、アフガンへ１０００人規模派遣",NA,NA,56290
66505,"水害対策を抜本見直し　高齢者避難体制など　政府方針 ",NA,NA,66505
67464,"日本海のズワイガニ漁解禁　大物オス１万７０００円 ",NA,NA,67464
92566,"橋下氏再選、投票率は最低　得票半減、無効１３％　大阪市長選",NA,NA,96302
73939,"教委の強化検討へ　改革会議で権限や機能　いじめ問題受け",NA,NA,73939
94294,"Ｍ８地震　３０年内に３０％　政府長期予測　三陸から房総沖 ",NA,NA,89630
24123,"選挙制度改革　あくまでも成立目指す　参院決算委で宮沢首相答弁 ",NA,NA,24123
32774,"核実験中止決議　参院、長崎原爆忌に合わせ９日採択へ　自民方針 ",NA,NA,32774
74483,"無線を気にして速度超過　車掌・指令所、オーバーラン直後交信　ＪＲ宝塚線事故調報告",NA,NA,74483
37940,"海自、「秘中の秘」に招待　タイなど１６カ国の海軍高官が見学",NA,NA,37940
63891,"東京、一時１０７円台　ロンドン・ＮＹでも",NA,NA,63891
46025,"日産、２０００−３０００億円の出資要請へ　ダイムラーと提携交渉",NA,NA,46025
47053,"首相、ガイドライン法案早期成立に協力を要請　党首会談",NA,NA,47053
92853,"集団的自衛権行使で想定、「米艦で邦人救出」米拒む　過去の交渉",NA,NA,96930
55310,"「メガワティ副大統領の大統領昇格」を確認　インドネシア政党党首",NA,NA,55310
87881,"深く黙礼　両陛下、宮城県訪問　東日本大震災",NA,NA,87881
65614,"きょうから国会正常化　与野党が合意 ",NA,NA,65614
96325,"日本の医療　丸ごと輸出　新興国に　機器・サービス一括",NA,NA,93652
60999,"西武百貨店再建計画　２３００億円支援要請　新たに４店閉鎖へ ",NA,NA,60999
17484,"ＰＫＯ法案、自公で可決　「２年後に国会承認」盛る　民社は応ぜず／衆院特別委 ",NA,NA,17484
7661,"日米安保は経済協力に重点　連合政権での社会党政策草案",NA,NA,7661
91676,"原爆症、幻のカルテ　原本を発見　初の診断、仲みどりさん",NA,NA,94499
46073,"政府内、見解にズレ　多国籍軍への武器・弾薬輸送",NA,NA,46073
27686,"全人種参加選挙、きょうから投票　南アフリカ共和国",NA,NA,27686
30067,"事業体参加にＥＵは「慎重」　北朝鮮の軽水炉支援",NA,NA,30067
21709,"代替フロンＨＣＦＣ、２０２０年に原則全廃　議定書締約国で決定",NA,NA,21709
50985,"９９年度のパソコン出荷、テレビ抜く　ネット人気で前年度比３２％増 ",NA,NA,50985
41490,"三菱電機と東芝の利益供与　警視庁、来週本格捜査　日立、三菱地所加え４社立件 ",NA,NA,41490
24139,"東京都議選あす告示　２７日に投開票",NA,NA,24139
40201,"国営羊角湾干拓廃止へ　知事・農水省、熊本県委中間報告を「尊重」",NA,NA,40201
27473,"東京駅、深夜の大工事　中央線ホームを重層化　ＪＲ東日本",NA,NA,27473
48492,"国連支援団、一時撤収へ　混乱長期化の懸念　東ティモール",NA,NA,48492
69246,"橋梁工事　談合方式を２００１年転換　Ｋ会幹事選定、「三菱重主導」→「協議」 ",NA,NA,69246
90082,"エジプト議会、再選挙へ　憲法裁が判決　大統領選は予定通り",NA,NA,91265
90918,"除染業者、法令違反４５％　危険手当不払いも　福島県内",NA,NA,92968
70997,"建築確認の民間検査　国指定分の全４８機関立ち入りへ　国交省、１００人体制 ",NA,NA,70997
75902,"松岡農相自殺　宿舎に遺書など８通　国民へ「迷惑かけた」／東京・赤坂署調べ ",NA,NA,75902
94869,"［発射失敗］（中）北の脅威　米と温度差（連載）",NA,NA,90774
44609,"４―６月期のＧＤＰ、３期連続マイナス成長　年率３．３％減　消費の不振響く ",NA,NA,44609
55089,"特殊法人見直し案、８月に公表　石原行革担当相が表明 ",NA,NA,55089
46763,"優位保つ石原慎太郎氏　鳩山邦夫氏が浮上、追走　都知事選連続調査",NA,NA,46763
24092,"１０日の東京円１０６円２０銭　終値最高値を更新 ",NA,NA,24092
44829,"１日午前のＮＹ株、一時２０１ドル安の７６８８．１４ドル ",NA,NA,44829
17553,"次期国連事務総長にブトロス・ガリ氏決定",NA,NA,17553
57229,"［文明を問う］（１４）物質中心主義、見直す時　青木保氏（連載） ",NA,NA,57229
31401,"９４年１０―１２月のＧＤＰ伸び０．９％減　今年度１．７％達成は困難 ",NA,NA,31401
4033,"リクルートコスモス株の公開価格は江副氏決定　大蔵省局長答弁",NA,NA,4033
60250,"「花を召しませ」車も登場　東京モーターショー、商用３１４台展示",NA,NA,60250
3659,"宇野外相が国連総会を欠席　陛下の病状を考慮 ",NA,NA,3659
68384,"旧橋本派収支報告書　「２億数千万円記載せず」　元会計責任者、法廷証言 ",NA,NA,68384
76148,"独立法人、公務員より高給　６９法人、スリム化に逆行 ",NA,NA,76148
78650,"生活関連商品やサービス、４月から値上げ拡大 ",NA,NA,78650
38007,"金融検査・監督の一体分離　大蔵同意、決着へ ",NA,NA,38007
32920,"仏核実験、来週にも　豪外相が見通し ",NA,NA,32920
77745,"小学校に理科専門教員　高学年対象、学力向上図る　再生会議報告第３次最終案 ",NA,NA,77745
53625,"機密費流用事件　松尾元室長、８年で入金８億２０００万円　口座の詳細判明 ",NA,NA,53625
84201,"谷垣氏「小沢独裁と闘う」　自民党大会　新綱領を採択 ",NA,NA,84201
87333,"パンダ　上野に到着　来月下旬公開へ ",NA,NA,87333
73728,"ＮＹダウ、一時最高値",NA,NA,73728
51573,"所得税と併用、率抑制　外形標準課税で政府税調が中期答申へ",NA,NA,51573
15043,"小選挙区の区割り案答申　６月下旬ごろに選挙制度審方針 ",NA,NA,15043
25795,"石井・仙台前市長ら追起訴　大成から２０００万円収賄罪",NA,NA,25795
77207,"新人材バンク業務の根幹は民間委託　求人開拓や選定など　有識者懇が制度素案 ",NA,NA,77207
77172,"国の海外事業費１億円、大手コンサル元社長ら流用　近く本格捜査／東京地検 ",NA,NA,77172
39919,"地元紙に犯行声明文　犯人のみ知る記述　神戸・小６殺害事件",NA,NA,39919
82004,"出産費１．５倍格差　東京５１万円、熊本３４万円／厚労省調査 ",NA,NA,82004
56783,"イスラエル、パレスチナ自治政府をミサイル攻撃　テロ抑止へ議長に重大警告 ",NA,NA,56783
22474,"「佐川事件」究明　証人喚問は予算委で　与野党が合意 ",NA,NA,22474
44313,"ドル買う動き弱まり円高に　ＮＹ外為市場",NA,NA,44313
54490,"にじむ小泉色　連立・中道から単独・右寄り",NA,NA,54490
73454,"平均支持率、小泉内閣は歴代２位　高率保ち５０％　朝日新聞社世論調査",NA,NA,73454
62416,"ブッシュ米大統領、米欧同盟の再編促す　亀裂修復へ協力求める",NA,NA,62416
95298,"尖閣、都の上陸容認も　政府検討　近く申請見通し",NA,NA,91630
53543,"最高裁に鑑定人推薦委　医療・建築訴訟の迅速化へ今夏にも設置",NA,NA,53543
59048,"７月４日を守れ　対米テロ警戒で「自由の女神」像近くを巡視する警備艇＝写真 ",NA,NA,59048
90747,"４９トンネルの点検指示　中日本高速きょう捜索　崩落事故",NA,NA,92610
96757,"感動？怖い？　首相官邸見学",NA,NA,94503
79235,"ヤミ金に元本返済は不要　旧五菱会系訴訟、賠償に初判断　業者に打撃／最高裁 ",NA,NA,79235
41241,"井奥代議士、国土次官時に国有地取得　歴代内閣が不動産取引自粛の中",NA,NA,41241
77990,"クラッチ欠陥隠し　三菱自元社長に有罪判決　横浜地裁「事故は予見可能」 ",NA,NA,77990
15129,"バス運転手も焼身自殺図る　韓国",NA,NA,15129
72623,"年金不適正手続き　２６都府県１１万件超す　２７０万件、再確認へ／社保庁調査 ",NA,NA,72623
35970,"静かな革命　百年の外来支配に幕（奔流中国　第５部・台湾から：１）",NA,NA,35970
47030,"雇用や収入減、８２％が「不安」　消費者動向、朝日新聞社世論調査",NA,NA,47030
97622,"都心ぽかぽか",NA,NA,96214
96024,"資産家夫婦　遺体か　警視庁発見　さいたまの農地＝訂正あり",NA,NA,93053
90094,"米マッキンリーで４邦人不明　雪崩、１人は自力下山　宮城の登山隊",NA,NA,91288
40366,"教員志望者の介護体験　養護学校などで２日、社会福祉施設で５日",NA,NA,40366
72832,"母子死亡、高１長男逮捕　放火と殺人の疑い　奈良県警",NA,NA,72832
93813,"１２カ国・地域から球児、決勝は甲子園　野球のＵ１８Ｗ杯、８月２８日に開幕",NA,NA,98918
19864,"ＧＮＰ、前期比１．１％増　マイナスから反転　９２年１−３月期",NA,NA,19864
91899,"みずほ銀、暴力団員に融資　２３０件２億円・２年以上放置　金融庁、改善命令",NA,NA,94936
13766,"「日本人乗客いない模様」　外務省に連絡　ロス航空機事故",NA,NA,13766
29353,"東京湾で青潮発生、魚も貝も青息吐息　今年４回目、千葉や浦安で",NA,NA,29353
1438,"教育用パソコンの試作機発表　１２社参加しソフト共通",NA,NA,1438
37153,"ピラミッドの四角い石は丸く運んだ？　英学者が新説　千葉で実験",NA,NA,37153
98578,"老人ホーム　介護保険で短期入所　拡大　政府、規制緩和へ　空き部屋活用",NA,NA,98042
80376,"総選挙、年内見送りへ　麻生首相、経済対策を優先",NA,NA,80376
67366,"政府、各国に支援要請　犯人と接触できず　イラク人質事件",NA,NA,67366
43600,"拉致疑惑　橋本首相、北朝鮮の対応を批判　調査継続を要求 ",NA,NA,43600
55333,"田中外相に靖国参拝の再考を要求　中国外相「友好の基盤崩れる」",NA,NA,55333
53185,"避難生活お疲れさまです　元気出して、三宅島忘年会　東京・立川で",NA,NA,53185
86524,"朝鮮王朝文化財　日韓、引き渡しで合意 ",NA,NA,86524
5682,"竹下首相自ら道義的責任　リ社の株譲渡で見解示す",NA,NA,5682
65336,"公示地価　都心、下げ止まり傾向　全国平均、１３年連続下落 ",NA,NA,65336
46091,"コロンビア大地震　死者２０００人以上か ",NA,NA,46091
19012,"トレーラーが線路に転落　寝台特急が衝突脱線、電車とも衝突　神戸で１５人けが ",NA,NA,19012
19122,"社会保障サミット１２月パリで　年金・医療に先進国の知恵結集　老人介護も議題 ",NA,NA,19122
76798,"遠藤農水相、きょう辞任　補助金不正で引責、政権へ大きな打撃",NA,NA,76798
6961,"グロムイコソ連前外相が死去 ",NA,NA,6961
31079,"阪神大震災　被災地離れた人１００人にアンケート　７割が「早く戻りたい」 ",NA,NA,31079
194,"江戸城内の障壁画の下絵多数見つかる　国立博物館に２６４巻",NA,NA,194
83771,"辻井さんを迎えて　読響演奏会＝写真 ",NA,NA,83771
9244,"海部首相、総選挙後に訪米　政権継続を前提、３月にも ",NA,NA,9244
83559,"肝炎基本法が今国会成立へ　民主・自民合意　国の責任明記 ",NA,NA,83559
38494,"年金、どこが変わる（明日が見えない：２　改革と市民第１部）",NA,NA,38494
51968,"きょう５５回目の終戦記念日 ",NA,NA,51968
87064,"辺野古Ｖ字案で調整　沖合移動も検討　Ｉ字断念へ",NA,NA,87064
80880,"夫婦間以外での受精卵作製容認　１４日内の廃棄条件　国の専門委",NA,NA,80880
47776,"長江中流に６０００年前の祭壇　周辺に大量のモミ殻　日中共同調査",NA,NA,47776
98954,"特養の利用料金下げ　報酬改定　在宅介護の質向上",NA,NA,98755
47937,"多胎妊娠の減数手術を容認　母体法改正へ提言案／日本母性保護産婦人科医会 ",NA,NA,47937
69162,"着床前診断の１１人出産へ　神戸の医師「年内予定」　流産予防の目的 ",NA,NA,69162
36292,"年率換算１２．７％で２３年ぶりの高成長　１―３月期ＧＤＰ",NA,NA,36292
42205,"大蔵ＯＢの道路公団理事逮捕　「野村」から２５０万接待、収賄容疑／東京地検 ",NA,NA,42205
6947,"都議選、きょう３日開票　投票率は前回比５ポイントアップの５８．７４％ ",NA,NA,6947
67001,"プロ野球スト、きょう再期限　コミッショナーが打開案",NA,NA,67001
24056,"読売新聞社人事 ",NA,NA,24056
9216,"言論への暴力、広く深く　学校・裁判所内でも被害　朝日新聞社調査",NA,NA,9216
54650,"日産が過去最高益　ホンダを上回る３３１１億円　３月期連結",NA,NA,54650
94108,"原発事故　核燃料　格納容器底部侵食も　保安院、３月ひそかに試算 ",NA,NA,89266
83341,"予算のムダ検証　国交、厚労、農水省を重点査定／行政刷新会議 ",NA,NA,83341
82032,"日ロ、原子力協定署名　北方領土問題、７月に協議　首脳会談",NA,NA,82032
29680,"金正日書記が出席　北朝鮮の金主席死去１００日追悼大会",NA,NA,29680
40048,"［踏み出す脳死移植］（中）受容　問われる伝統的死生観（連載） ",NA,NA,40048
29681,"金正日書記、８８日ぶり姿見せる　故主席追慕会に　存在を内外に誇示 ",NA,NA,29681
13067,"ゴミ処理　消費者からも手数料　廃紙は企業側の責任／厚生省生活環境審答申 ",NA,NA,13067
75833,"はしか猛威　休講、都内学生１５万人影響　早大ほぼ全学５．５万人",NA,NA,75833
63873,"エルピーダ、来年上場　「日の丸半導体」反転攻勢へ",NA,NA,63873
51698,"夏、全開　東京で３４・５度　関東甲信と東海地方で梅雨明け ",NA,NA,51698
75374,"年金支給漏れ、過去６年で２２万人　納付記録見逃す／社保庁 ",NA,NA,75374
32345,"オウムの早川容疑者を殺人予備で起訴　地下鉄サリン関与裏付け取れず／東京地検 ",NA,NA,32345
45482,"のんびり紅葉　もうあす師走　気温高く、遅れた色づき",NA,NA,45482
63179,"関東地方の大雨、Ｕターン直撃　ＪＲ東日本、２２万人に影響",NA,NA,63179
11607,"エイズ治療薬のアジドチミジン、発症前使用ＯＫ　厚生省、効能変更",NA,NA,11607
38572,"定款違反の投資で評価損１０億円　都、調査に着手　済生会中央病院",NA,NA,38572
48957,"秋、発色　栃木・奥日光が紅葉シーズン ",NA,NA,48957
91386,"中国人看護師が急増　ＮＰＯが病院紹介　語学で優位、ＥＰＡの倍",NA,NA,93909
94890,"消費増税２４日審議入り　政府・民主方針　自民は拒否継続",NA,NA,90816
38787,"地方職員の削減進まず　数値目標提示は６都府県だけ／読売新聞社調査 ",NA,NA,38787
96862,"国連調査団　シリア出国　化学兵器報告　米、議会に説明",NA,NA,94733
85957,"小沢氏と会談望む　首相、鳩山氏に　要職起用　改めて拒否 ",NA,NA,85957
6611,"宇野首相、初の会見で「政治改革の断行」強調　党に推進本部設置",NA,NA,6611
11348,"遺伝子治療を容認　生殖細胞除外を条件　国際医学団体協が宣言を採択",NA,NA,11348
30721,"国会きょう召集　兵庫県南部地震の災害対策が焦点 ",NA,NA,30721
51338,"韓国と北朝鮮の南北首脳　あす初の会談へ ",NA,NA,51338
39799,"外庁の会計・人事に自律性　目標設け評価　行革会議、制度導入へ骨格",NA,NA,39799
60547,"生保の契約減止まらず　株含み損６社　上半期１０社報告",NA,NA,60547
38963,"海賊「黒ひげ」の船？　海底に２８０年　米で発見",NA,NA,38963
85008,"［地球を読む］国立センターの転機　がん克服「学問主導」で　垣添忠生（寄稿） ",NA,NA,85008
67080,"こぼれる笑み　皇太子ご夫妻、写真や映像公開 ",NA,NA,67080
38573,"友部参院議員、あすにも逮捕　妻ら５幹部逮捕　オレンジ共済詐欺容疑",NA,NA,38573
73276,"非正規雇用者の社会保険、加入徹底へ　社保庁、４０万事業所を調査",NA,NA,73276
96780,"体罰６７００件　被害１．４万人　昨年度　全小中高　最終報告",NA,NA,94553
41069,"書きより読み　ワープロ時代の漢字学習　教育課程審ほぼ合意",NA,NA,41069
71678,"スケート女子５００　岡崎１回目、３位／トリノ五輪 ",NA,NA,71678
28560,"村山首相、サミット出席のためナポリに到着",NA,NA,28560
14372,"フセイン大統領が改憲や多党制導入　イラクの民主改革を約束／戦争後初の演説 ",NA,NA,14372
50521,"高濃度ダイオキシン流出　荏原製作所藤沢工場、基準の８０００倍",NA,NA,50521
9689,"フィリピン　州知事の逮捕巡り反政府派と軍が戦闘　双方で１４人が死亡 ",NA,NA,9689
46933,"ＮＡＴＯ軍空爆　ユーゴが被害状況を公表 ",NA,NA,46933
69400,"年金未納者の所得情報　７０市町村「提供不可能」　社保庁、強制徴収の障害に ",NA,NA,69400
52820,"奥田碩さん（新世紀を語る　第４章・日本は：３）",NA,NA,52820
372,"ソ連書記長が英首相と会談　訪米途中",NA,NA,372
26248,"来年度予算案越年　暫定予算は確実な情勢（解説） ",NA,NA,26248
94734,"木嶋被告　死刑求刑　連続不審死　検察「関係断つため殺害」",NA,NA,90510
18580,"政治改革で３月中旬に与野党協議　宮沢首相「自民成案得て」との意向",NA,NA,18580
72276,"中２女子殺される　１９日夕から不明　空き店舗内、遺体で発見／岐阜・中津川 ",NA,NA,72276
27111,"外国人の不法残留減る　不況による雇用悪化で／法務省調査結果 ",NA,NA,27111
94162,"世界人口７０億人　国連推計　１２年で１０億人増　日本人　初の減少　国勢調査 ",NA,NA,89367
16241,"レニングラードで非常事態に反対する２０万人大集会　ソ連クーデター",NA,NA,16241
40620,"資金洗浄防止へ新組織、金融監督庁内に　情報収集し捜査に提供",NA,NA,40620
58109,"みずほ、システム障害拡大　口座振替遅れ２５０万件　専務会見「解消は来週末」 ",NA,NA,58109
64127,"工作員　諜報「抱き込み」暗躍（北朝鮮の素顔　第４部・軍事：４）",NA,NA,64127
96159,"東京五輪　支持上昇７０％　ＩＯＣ調査　招致へ追い風",NA,NA,93324
45431,"自民党「山崎派」３０日に旗揚げ　旧渡辺派分裂、三十数人で",NA,NA,45431
32705,"行政責任に言及　村山首相が「個人的な見解」　水俣病問題",NA,NA,32705
25289,"本間・宮城県知事を逮捕　大成建から２０００万収賄容疑／東京地検 ",NA,NA,25289
55715,"人口７０万人でも政令市に　市町村合併促進、政府プラン決定 ",NA,NA,55715
96988,"書籍電子化　自炊代行業に禁止命令　東京地裁　浅田次郎さんら勝訴",NA,NA,94970
23759,"Ｊリーグ開幕　観衆６万人、新時代に酔う",NA,NA,23759
54453,"研修医死亡で関西医大などを書類送検　労基法違反容疑で＝続報注意",NA,NA,54453
30367,"親との続き柄「子」に統一　住民票記載に非嫡出子の差別解消　長男、二女を廃止 ",NA,NA,30367
50167,"日本人職員申告漏れ　国税局が欧米大使館を一斉調査",NA,NA,50167
57144,"地雷発見　アフガン・カブール国際空港で国連チームが地雷除去作業 ",NA,NA,57144
31564,"株価が急落、不安の一歩　証券会社でも入社式",NA,NA,31564
7685,"山敷さん比叡山中で殺されていた　千葉の早大生、脅迫され山林に？",NA,NA,7685
11535,"イデオロギーが生む残酷さ（国際羅針盤　日本のあすを考える）",NA,NA,11535
48262,"トルコ地震救援難航　死者３５００人、機材足りず手作業",NA,NA,48262
85377,"日本、今夜オランダ戦　サッカーＷ杯南アフリカ大会",NA,NA,85377
65211,"日歯連、裏献金１億円　国会議員５人前後に　内部に帳簿",NA,NA,65211
17526,"西尾正也氏が再選　大阪市長選",NA,NA,17526
26397,"所得税減税先行を示唆　内容明示なくても消費税増税　細川首相",NA,NA,26397
58438,"石原慎太郎氏、再選へ出馬意向「２期はやる」　来春の東京都知事選",NA,NA,58438
56651,"一般有料道５千億円の債務超過　３〜５年で赤字も　日本道路公団",NA,NA,56651
59301,"自由・豊かさビジュアル系（日中復交３０年　第１部・中国式：１）",NA,NA,59301
60044,"歌舞伎町ビル２か所で異臭　１２１人がのどに痛み　男が催涙スプレー投げ込む ",NA,NA,60044
70738,"防げ医療事故、異分野も知恵　心理学者・工学者ら結集　初の学会設立へ",NA,NA,70738
67245,"ダイエー、機構に支援要請　３行に迫られ転換　高木社長、辞任示唆",NA,NA,67245
41131,"踊る角材、水上技　東京都指定の無形民俗文化財「木場の角乗り」",NA,NA,41131
89638,"中間貯蔵、用地買収へ　環境省、原発事故前の地価で",NA,NA,90367
52710,"日産自動車が検査官対策書　クレーム隠しの疑いも　運輸省が調査へ ",NA,NA,52710
75098,"３．１運動の鎮圧、詳述　虐殺隠蔽「抵抗理由に殺す」　宇都宮大将、１５年分の日記",NA,NA,75098
85310,"宮崎・都城でも牛３頭に口蹄疫疑い　肉生産　全国トップ ",NA,NA,85310
20057,"森林保全で日米が協力提案　宮沢首相が意向／日米首脳会談 ",NA,NA,20057
6425,"会期延長で政治改革法の成立図る　「竹下退陣」ズレ込みも　小渕官房長官が表明 ",NA,NA,6425
13865,"多国籍軍、国境西方に終結　地上戦へ協議継続　湾岸戦争",NA,NA,13865
53763,"実習船衝突事故　米原潜、緊急浮上前に他の船舶把握／米紙報道 ",NA,NA,53763
98797,"ＳＴＡＰはＥＳ細胞　濃厚　理研調査　小保方氏保管の細胞解析",NA,NA,98456
43020,"１０日午前のＮＹ円、急伸し１２８円台 ",NA,NA,43020
16703,"ＰＫＦ参加　武器使用は外国隊員防護にも　海部首相、正当防衛を強調 ",NA,NA,16703
99037,"インド、海自飛行艇購入へ　武器輸出　新原則",NA,NA,98914
53315,"１府１２省庁、あすスタート",NA,NA,53315
32292,"「戦後５０年国会決議」　連立与党案を新進党受け入れへ ",NA,NA,32292
25011,"政党への献金枠、１．５倍に拡大盛る　個人向けは削減　自民要綱",NA,NA,25011
99126,"独旅客機、仏で墜落　アルプス山中　乗客乗員１５０人　エアバスＡ３２０",NA,NA,99102
53250,"悪質・危険運転を厳罰化　「刑軽い」の声に警察庁が道交法改正へ",NA,NA,53250
77046,"返却された長井さん遺品、銃撃時のカメラなし　ミャンマー",NA,NA,77046
88658,"政府・日銀、介入の用意　追加緩和も検討　円高・株安",NA,NA,88658
67324,"台風２３号　政府が非常災害対策本部を設置、初会合開く ",NA,NA,67324
58850,"鈴木宗男議員を取り調べ　あっせん収賄容疑で午後にも逮捕許諾請求",NA,NA,58850
70587,"東大寺大仏殿で奉納演奏　初のフルオーケストラ／奈良 ",NA,NA,70587
37687,"新選挙制「継続望む」９％　「改善」４４％／読売新聞社全国世論調査 ",NA,NA,37687
68303,"陸軍中野学校の教科書８種発見　戦時中、情報工作員を養成",NA,NA,68303
18592,"カナダからの輸入車で米ホンダに追徴決定　関税回避と２２億円／米当局 ",NA,NA,18592
5553,"絶滅寸前―対日批判の的　ジャコウジカの輸入を禁止／厚生省方針 ",NA,NA,5553
57604,"児童扶養手当の給付、５年後に減額へ　貸付金制度も創設",NA,NA,57604
98514,"公設民営校　特区で解禁　高校と中高一貫　語学などに特色",NA,NA,97921
76385,"暑さに耐える　中越沖地震被災地、新潟・柏崎の避難所＝写真 ",NA,NA,76385
81742,"伊地震、死者１００人超す",NA,NA,81742
57570,"ソルトレーク五輪　フィギュア男子シングル４位の本田、涙の誓い　「次」めざす ",NA,NA,57570
20604,"中韓、国交樹立に原則合意　韓国は台湾と断交へ　台湾当局明かす",NA,NA,20604
48311,"平安の無常、照らす千灯　京都・化野念仏寺",NA,NA,48311
42854,"エリツィン大統領の来日、変更なし　ロシア側が確認",NA,NA,42854
64628,"民主・菅代表の憲法改正発言　小泉首相「十分協力できる」 ",NA,NA,64628
25494,"ソマリアで国連兵２人解放　アイディド派が米特使に引き渡す",NA,NA,25494
28923,"住宅公庫、繰り上げ返済急増　「銀行の方が低金利」借り換え広がる",NA,NA,28923
29111,"今年産米の作況指数１０５　８年ぶりの豊作に　全都道府県で上回る",NA,NA,29111
69084,"県警ヘリ、住宅街墜落　アパートに接触、警視ら５人死亡／静岡・清水 ",NA,NA,69084
66633,"郵政民営化後も「国債中心で」　郵貯運用で政府",NA,NA,66633
38540,"オレンジ共済、来週に強制捜査　まず理事長ら４人を詐欺容疑で／合同捜査本部 ",NA,NA,38540
73501,"自民総裁選　「安倍さんと一番気心知れている」　小泉首相、支持を示唆 ",NA,NA,73501
1574,"一般消費税型を本命に　ＥＣ、取引高型も　新型間接税の３案了承／政府税調部会 ",NA,NA,1574
41540,"相手はイラン　Ｗ杯サッカー・アジア第３代表決定戦",NA,NA,41540
62627,"［地球を読む］米の中東政策　フランシス・フクヤマ（寄稿） ",NA,NA,62627
98307,"警戒区域　指定促進へ法改正　防災相方針",NA,NA,97518
96046,"がん次世代薬　国産拠点　産学官で工場　５年内に新技術",NA,NA,93099
25159,"秋色づく／日光・竜頭滝 ",NA,NA,25159
62252,"日本を観光の台湾人、ＳＡＲＳ感染？　宿泊先の健康調査　厚労省",NA,NA,62252
44590,"９日午前のＮＹ株、利食い売りで１０２ドル安の８０００ドル台割れ ",NA,NA,44590
14351,"ゴルバチョフ・ソ連大統領　訪日の前に有力者と会談を希望 ",NA,NA,14351
21799,"内閣改造　日米摩擦の激化などに備え対外経済相設置を検討 ",NA,NA,21799
35169,"アジア欧州首脳会議を前に、非公式首脳夕食会開く／バンコク ",NA,NA,35169
16762,"借地借家法改正案、きょう成立　契約更新機会増やす　９２年夏施行",NA,NA,16762
94651,"米産ＬＮＧ輸入交渉　政府　首脳会談合意目指す",NA,NA,90345
69058,"さいたま市長選、３氏が届け出",NA,NA,69058
36390,"う回融資、総額１６５億円　日本ハウジングローン前社長容疑関係",NA,NA,36390
55542,"綿貫衆院議長、自由党・菅原氏の衆院議員辞職許可　石原氏が繰り上げ当選 ",NA,NA,55542
43886,"連日の猛暑、海辺へ避暑　群馬４０．３度",NA,NA,43886
92100,"首相、第三者機関的に関与　自公み、修正妥協　秘密保護法案",NA,NA,95343
9546,"衆院副議長候補に村山喜一氏が内定　",NA,NA,9546
32963,"橋本通産相も国債発行に前向き ",NA,NA,32963
26665,"規制緩和分野の参入促進融資を創設　携帯電話や地ビールなど／政府方針 ",NA,NA,26665
67607,"ミサイル迎撃、「防衛出動」閣議経ずに　大野長官表明　来年、法改正案 ",NA,NA,67607
79041,"聖火リレー中断　四川大地震全国哀悼日の３日間 ",NA,NA,79041
37470,"介護保険　高い関心、負担も説明を（公約を問う　選択の視点：４）",NA,NA,37470
97834,"［地球を読む］ウクライナ危機　竹森俊平（寄稿）その１",NA,NA,96605
6013,"文部省、局長ら３幹部が辞職　リクルート事件で“けじめ” ",NA,NA,6013
52747,"［緊急提言・よみがえれ教育］（３）多様な才能を「平等」でつぶすな（連載） ",NA,NA,52747
62004,"外務省、新型肺炎で北京渡航“延期勧告” ",NA,NA,62004
15933,"新協議機関に米慎重　現体制の効力強調／ＡＳＥＡＮ拡大外相会議 ",NA,NA,15933
80217,"［瀬戸際・世界経済］（上）止まらぬ株安の連鎖（連載） ",NA,NA,80217
75527,"「春の夜祭」開幕／岐阜・高山 ",NA,NA,75527
92333,"高梨、Ｗ杯１７勝　ジャンプ日本勢最多",NA,NA,95819
57261,"司法試験、結果通知へ　不合格者に「得点」「順位」／管理委 ",NA,NA,57261
91499,"動物体内でヒト臓器、容認　国方針、移植医療研究に道　生命倫理・安全に課題",NA,NA,94133
45000,"海外送金、銀行を検査　課税逃れ防止ねらう　国税庁実施へ",NA,NA,45000
96492,"日印　早期に原子力協定　首脳合意　新幹線受注へ前進　海自共同訓練を定期化",NA,NA,93982
8421,"「分離分割」が定着　９１年の国立大入試、４６大学で採用",NA,NA,8421
41500,"日本、サッカーＷ杯へ１６日決定戦　アジア予選最終戦でカザフに快勝 ",NA,NA,41500
8520,"「消費税の食品非課税、混乱招く」　特例見直し９０年春以降／政府税調中間報告 ",NA,NA,8520
80393,"官製談合３３件　札幌市に改善要求　部長ら４人関与で／公取委 ",NA,NA,80393
23289,"５日の東京円１１３円８３銭　終値最高値を更新 ",NA,NA,23289
78531,"“ウワ”違う富本銭　２遺跡から出土の貨幣、字体など異なる／奈文研 ",NA,NA,78531
46639,"女性３００人超、過去最多に　４４道府県議選立候補予定者",NA,NA,46639
92110,"徳洲会、猪瀬氏側に５０００万円　都知事選前　強制捜査後に返却",NA,NA,95364
90012,"ガス対策徹底させず　佐藤工業を捜索　新潟のトンネル事故、４人死亡確認",NA,NA,91124
79958,"厚生年金受給者２５００万人に記録通知　来年中に　改ざん受け／社保庁 ",NA,NA,79958
74577,"年間売買代金、最高の６４４兆円　東証大納会",NA,NA,74577
97709,"［８％消費税］（中）「２人の主役」連携カギ（連載）",NA,NA,96374
75425,"関テレ・千草社長が辞任　後任に片岡常務　全役員の賞与返上　あるある捏造で ",NA,NA,75425
23907,"きょう最終日　カンボジア総選挙投票",NA,NA,23907
14958,"米国の対日輸出拡大を支援　１０億ドルの信用枠を用意　通産省",NA,NA,14958
52839,"ベトナム戦争後、米大統領初の訪越 ",NA,NA,52839
63573,"［治安再生］第４部　捜査とプライバシー（２）防犯カメラ、指針必要（連載） ",NA,NA,63573
23314,"選挙監視員をプノンペンへ避難の方針　ボランティア殺害でＵＮＴＡＣ　",NA,NA,23314
26475,"車や電化製品の廃棄物から高濃度の水銀・鉛が流出　環境庁調査",NA,NA,26475
43203,"快記録　Ｊリーグ、中山が４戦連続ハットトリック＝写真 ",NA,NA,43203
59481,"偽装・隠ぺい問題　日ハム、牛肉事業自粛　偽装「指示」確認できず／農水省調査 ",NA,NA,59481
4924,"［税制新時代］（５）走り出す産業界　価格戦略練り直し（連載） ",NA,NA,4924
32142,"職業高校生に大学入試で特別枠　来春から導入　文部省方針",NA,NA,32142
3875,"８月の米貿易赤字悪化でドル安　ＮＹ市場、一時１２６円台",NA,NA,3875
81028,"「新年度」補正、今国会提出も／政府・与党 ",NA,NA,81028
25059,"地下に貯水トンネル掘削進む　東京・神田川の洪水対策 ",NA,NA,25059
95605,"田中法相に辞任論　国会欠席　政権内で強まる",NA,NA,92237
37863,"［沖縄振興への道］（１）返還のジレンマ　厳しい「基地依存」脱却（連載） ",NA,NA,37863
30595,"不明３児の遺体発見　肥料散布車のタンク内／沖縄・名護 ",NA,NA,30595
62860,"パーティー収入３０００万円除外　土屋・埼玉知事の資金管理団体",NA,NA,62860
20190,"プノンペン政府解体なら武装解除　ポル・ポト派が声明を発表",NA,NA,20190
88894,"子ども１５０人、過剰被曝　不適切検査、１２年間　甲府の病院",NA,NA,88894
87383,"戻ってきて、必ず　ＮＺ地震１週間",NA,NA,87383
29834,"政治献金　主要企業・業界団体の半数が容認／読売新聞社アンケート ",NA,NA,29834
6834,"オーストリア、北京駐在大使の召還決定",NA,NA,6834
50981,"東京相和銀が２００億円「見せ金」増資　警視庁、長田元会長ら取り調べへ ",NA,NA,50981
16490,"対ソ支援は速やかに　サッチャー前英首相強調　加藤読売新聞社編集局長と会見 ",NA,NA,16490
38988,"野村証券２常務が利益提供　総会屋親族企業と取引５件　副社長が会見",NA,NA,38988
39704,"株式手数料完全自由化、２００１年より前に　証取審３分科会が報告書 ",NA,NA,39704
57605,"金色の舞　フィギュア・アイスダンスで優勝したフランス　冬季五輪",NA,NA,57605
91195,"値上げの春、家計に負担",NA,NA,93522
64820,"錯覚と幻想の果て「聖戦」（オウムと社会　２７日「教祖」判決１）",NA,NA,64820
39835,"ＮＡＴＯとロシア、基本議定書に調印　ロシア大統領「加盟国、核標的とせず」 ",NA,NA,39835
55269,"社会福祉法人も見直し　介護・保育　自立促す　規制改革中間報告案",NA,NA,55269
55594,"「焼き畑」伝える　東京・奥多摩で ",NA,NA,55594
8459,"「東西安定に日本も協力」　政府、東欧支援の理念作り ",NA,NA,8459
37917,"６分野で大胆提言　首相に実行迫る　経済審委の構造改革報告書案",NA,NA,37917
30114,"残された温床（小選挙区時代　変わるか政治：中）",NA,NA,30114
9594,"御徒町駅の道路陥没　新幹線工事の凝固剤注入で手抜き？／関係者証言＝図付き ",NA,NA,9594
13470,"対イラク開戦日は米大統領に一任　多国籍軍の参加各国 ",NA,NA,13470
73247,"村井氏、田中氏を破る　「改革」６年で幕　投票率下がり６５．９８％　長野知事選",NA,NA,73247
26140,"国会会期、１月下旬まで延長へ　波乱含みの調整　細川首相方針",NA,NA,26140
2595,"途上国へ黒字還流、６４年４月に新会社　経団連・政府が出資",NA,NA,2595
65847,"民主新代表　小沢氏の「受諾」強まる　岡田幹事長、きょう再要請 ",NA,NA,65847
98650,"軽減税率「１７年４月」合意　与党",NA,NA,98177
32572,"マンデラ南ア大統領が来日 ",NA,NA,32572
19941,"９３年度予算シーリング　ＯＤＡ伸び９．４％　防衛は３．６％に抑制／大蔵省 ",NA,NA,19941
23413,"１６日のニューヨーク円１１２円台に　最高値更新 ",NA,NA,23413
13613,"９０億ドル　「戦費分担」へ変質（湾岸支援策　岐路に立つ日本：１）",NA,NA,13613
87873,"田の除塩完了に３年　津波被害の２万ヘクタール、国が９割補助へ　東日本大震災",NA,NA,87873
51978,"人事院勧告、ベア初の見送り　国家公務員、２年連続で年収減 ",NA,NA,51978
13968,"イラク外相とソ連大統領、和平探りきょう会談　ソ連側、撤退説得へ",NA,NA,13968
52648,"都内地下鉄延伸で乗り越し運賃取りすぎ　ＪＲ東日本、払い戻し",NA,NA,52648
10578,"秋田市長選が告示　三つどもえの選挙戦確定 ",NA,NA,10578
21621,"任天堂のもうけ、松下抜く　従業員１人あたり９０００万円　９月中間",NA,NA,21621
43934,"少年審判に検察官関与　下稲葉法相が少年法改正を諮問　法制審１１月メドに答申 ",NA,NA,43934
42726,"９７年度のＧＤＰ、マイナス成長確実　消費低迷、２３年ぶり ",NA,NA,42726
70145,"一面に夏の思い出　子供たちがオリジナル写真新聞作成／横浜・日本新聞博物館 ",NA,NA,70145
26080,"農業分野で米・ＥＣほぼ合意　６日、詰めの交渉　ガット新ラウンド",NA,NA,26080
25652,"腐敗の構図（激震・土建国家　ゼネコン汚職：上）",NA,NA,25652
15356,"「１対２未満難しい」　選挙制度審の小選挙区区割り担当委員長",NA,NA,15356
76175,"ＳＬ弁慶号１００年ぶりの「里帰り」／江戸東京博物館 ",NA,NA,76175
49864,"気まぐれ冬将軍",NA,NA,49864
98125,"ＯＤＡリベート　在宅起訴　鉄道コンサル前社長ら３人",NA,NA,97156
83725,"［日本の活力］受け継ぐ（２）ロウの老舗　ＩＴへ転身（連載） ",NA,NA,83725
56390,"自民党内で内閣改造論強まる　小泉首相、応じぬ方針",NA,NA,56390
55697,"公共事業費０．８％減　「重点分野」に７割　国交・農水省概算要求",NA,NA,55697
42345,"大手銀行の破たん防ぐ　「接待」調査５５０人対象　松永蔵相と会見 ",NA,NA,42345
43747,"「破たん」の受け皿銀行構想　来月初旬に具体策　米財務副長官に加藤幹事長表明 ",NA,NA,43747
75562,"海に光の橋　富山湾でホタルイカ漁",NA,NA,75562
49206,"「クローン人間」法で禁止　科学技術会議小委が結論　政府、罰則を検討 ",NA,NA,49206
80669,"木星・金星と三日月、三重奏　南西の空で接近",NA,NA,80669
39318,"報告書「消火確認」は虚偽　動燃が発表訂正　東海村の再処理工場火災",NA,NA,39318
35561,"ＮＹ株急落、先週比１３２ドル",NA,NA,35561
80668,"選挙管理内閣、提案へ　民主・小沢氏「全党で超大連立」",NA,NA,80668
48533,"小渕首相、ニュージーランドに到着　ＡＰＥＣ首脳会議出席へ ",NA,NA,48533
32862,"スーパーに強盗、アルバイト女子高生ら３人射殺／東京・八王子 ",NA,NA,32862
68129,"［戦後６０年を超えて］（２）外交　米を協調に引き戻せ　田中明彦（寄稿連載） ",NA,NA,68129
25079,"差益還元　電気料金も下げ　安部・電事連会長が表明 ",NA,NA,25079
57608,"企業再建ファンド支援　地方ゼネコン再編を促進／国交省 ",NA,NA,57608
35596,"「日米安保、東アジアに寄与」　モンデール駐日大使が会見",NA,NA,35596
31856,"オウム信者で射撃訓練参加の元自衛官を逮捕　電波法違反容疑／警視庁 ",NA,NA,31856
52933,"赤崎義則氏５選　鹿児島市長選",NA,NA,52933
38999,"再編必至、生き残り模索（金融開国　日本版ビックバンへ：中）",NA,NA,38999
1547,"コンピューターが悪文を“添削”指導　富士通がソフト開発",NA,NA,1547
79575,"陸自方面総監部廃止案　指揮系統を一元化／防衛省 ",NA,NA,79575
48481,"政治資金収支報告書のコピー解禁　地方分も適用　自治省方針",NA,NA,48481
94120,"やらせメール　九電、報告書再提出へ　社長進退も再検討 ",NA,NA,89291
18221,"金融の「全面開放」迫る　サービス分野の対日要求判明　新ラウンド",NA,NA,18221
35477,"［明日への条件−日本総点検］第２部憲法再考（１０）環境権の流れ（連載） ",NA,NA,35477
42606,"少年犯罪　所持品検査８割が容認　ナイフ販売規制も８５％／読売新聞社世論調査 ",NA,NA,42606
37182,"沖縄問題を逆手に再選へ布石（総選挙へ　連立三年の決算：上）",NA,NA,37182
81802,"「痴漢、特に慎重判断を」　被害者供述に基づく立証　最高裁が逆転無罪",NA,NA,81802
49182,"交通事故死の逸失利益、算定方式を統一　東京・大阪地裁など合意",NA,NA,49182
13059,"バブル再燃　うまみの残る税率（動き出した新土地保有税：下）",NA,NA,13059
35365,"［明日への条件−日本総点検］第２部憲法再考（１）プライバシーの危機（連載） ",NA,NA,35365
41071,"消える「峠越え列車」　補助機関車が特急「あさま」に連結",NA,NA,41071
46977,"東京高検検事長に村山弘義氏が内定 ",NA,NA,46977
60185,"１２銀行トップ、竹中金融相の加速策に反発　不良債権問題",NA,NA,60185
39365,"６月のサミットの完全Ｇ８化要求／ロシア無任所相 ",NA,NA,39365
25008,"臨海副都心の開発に影響も　「東京フロンティア」見直し案＜解説＞",NA,NA,25008
55371,"「小泉首相らが判断」　進退問題の柳井駐米大使 ",NA,NA,55371
9620,"ソ連、ゴルバチョフ大統領誕生へ　１２、１３日の人民代議員大会で",NA,NA,9620
21557,"単純小選挙区で格差は２倍未満　衆院自民改革本部が方針固める ",NA,NA,21557
44906,"英が最低貸出金利、０．２５％引き下げ年７．２５％に ",NA,NA,44906
97884,"上場１２２５社　利益１９兆円　リーマン前迫る",NA,NA,96700
90303,"原発政策へ国民の声反映、専門家ら検討へ",NA,NA,91699
54516,"金総書記の長男？拘束　今月１日、成田で偽造旅券所持　入管当局、国外退去へ ",NA,NA,54516
35247,"議長の再調整不調　住専国会",NA,NA,35247
90471,"石破氏、地方票集め先行　過半数届かず決選へ　自民総裁選、朝日新聞社調査",NA,NA,92043
70438,"セ・リーグ、阪神Ｖ　２年ぶり５度目／プロ野球 ",NA,NA,70438
72233,"「汚泥」１０００億円談合疑惑　２年半で１４社４９件　公取委、告発へ詰め ",NA,NA,72233
27514,"ＮＡＴＯがボスニア東部を再空爆 ",NA,NA,27514
77226,"中国共産党大会閉幕　「胡路線」党規約を採択　中央委員の半数入れ替え ",NA,NA,77226
18326,"日弁連新会長に阿部三郎氏選出 ",NA,NA,18326
78738,"日本の衛星を総点検　故障多発で／宇宙機構 ",NA,NA,78738
8347,"城地豊司氏死去",NA,NA,8347
33190,"兵庫銀行、清算へ　新銀行に経営移譲　連鎖防止へ処理を急ぐ",NA,NA,33190
42535,"衆院長崎四区補欠選挙は宮島大典氏当選",NA,NA,42535
2014,"北朝鮮前治安幹部　韓国に政治亡命／韓国外務省発表 ",NA,NA,2014
56467,"米国防総省からも炭疽菌検出 ",NA,NA,56467
26290,"細川内閣支持、６０％に下降　景気・農政で不満　朝日新聞社世論調査",NA,NA,26290
9110,"アゼルバイジャン　アルメニア人狩りで死者さらに増加か／ソ連 ",NA,NA,9110
4634,"ゴルバチョフ書記長、地震で急きょ帰国　キューバ・イギリス訪問を中止 ",NA,NA,4634
61225,"［北朝鮮危機］（２）現実味増す核武装（連載） ",NA,NA,61225
36816,"新進党幹事長に西岡武夫氏、総務・神崎武法、政審・野田毅氏　総選挙へ挙党体制 ",NA,NA,36816
44654,"防衛事務次官後任に江間清二氏 ",NA,NA,44654
30723,"震災復興向けの特別立法　再開発の促進に重点　兵庫県南部地震",NA,NA,30723
44318,"大手銀行は回避の可能性　ブリッジバンク制度適用で宮沢蔵相ら示唆",NA,NA,44318
5467,"消費税転嫁は一部　水道料実質１％下げ　東京都方針",NA,NA,5467
57535,"ソルトレーク五輪　フィギュアＶ悲運克服ペア　彼女は半身不随、彼は腕に１２針 ",NA,NA,57535
32225,"サハリン大地震人道支援　重傷者を日本で治療　河野外相申し入れ ",NA,NA,32225
57806,"サッカーＷ杯トロフィー　小泉首相「意外と重い」 ",NA,NA,57806
34325,"新進党首選　小沢氏が出馬表明　羽田氏と一騎打ち ",NA,NA,34325
48747,"［臨界事故の衝撃］（上）周辺事業、薄い危機感（連載） ",NA,NA,48747
83156,"［鳩山外交］（２）「日本の２５％」独り歩き（連載） ",NA,NA,83156
73384,"ＮＴＴドコモの来春新機種　携帯解約なら…「ワンセグ」視聴ダメ ",NA,NA,73384
29890,"貿易紛争の処理にアジア型調停機関　ＡＰＥＣが設置合意へ",NA,NA,29890
12964,"米コンチネンタル航空、燃料高騰で倒産",NA,NA,12964
76364,"中越沖地震　柏崎刈羽原発、排気筒から放射性物質　全７基でトラブル５０件 ",NA,NA,76364
51132,"読売新聞社人事＝５月２２日 ",NA,NA,51132
9953,"２８日のＮＹ円　続落、一時１５９円台 ",NA,NA,9953
8833,"ルーマニア政府に総辞職要求　ティミショアラの市民組織　",NA,NA,8833
54845,"ヨイショの負担を軽減　神奈川工科大、介護補助服の研究",NA,NA,54845
66125,"レーガン元米大統領の国葬　２０００人最後の別れ ",NA,NA,66125
99041,"［復興への選択］（１）「仮設の後」見通せない（連載）",NA,NA,98926
13665,"海洋汚染広がる　飲料水施設に接近　ペルシャ湾原油流出",NA,NA,13665
36047,"家計資産、高・低所得層の格差縮まる　総務庁調査",NA,NA,36047
580,"予算大蔵原案、きょう２３日に内示　一般会計５６兆６９９０億円、４．８％増 ",NA,NA,580
60794,"バイク急襲　銀座で７５００万円強盗＝写真 ",NA,NA,60794
33442,"米、ＩＬＯなど脱退も　国連機関の改革要求　各国に伝達 ",NA,NA,33442
30191,"ＷＴＯ承認案、きょうにも衆院通過",NA,NA,30191
8795,"ルーマニアで軍がデモ隊を銃撃　１０００人死亡説も＝図付き ",NA,NA,8795
75519,"老健施設、終末期も対応　厚労省方針、療養病床転換促す",NA,NA,75519
65992,"サウジ東部で乱射テロ、１６人死亡　米国人ら犠牲　石油企業狙う",NA,NA,65992
40782,"ダイアナ英元皇太子妃の事故死　天皇陛下が弔電 ",NA,NA,40782
50491,"年金改革法案を参院委で可決　今週中にも成立 ",NA,NA,50491
36872,"幼稚園から高校までの教育内容、全面見直し　教育課程審、再開へ",NA,NA,36872
64316,"老年者控除、廃止へ　年金課税強化、０５年１月実施",NA,NA,64316
68241,"シーア派政党「圧勝」　「約６割投票」　テロの中、イラク議会選",NA,NA,68241
49748,"２１番染色体解読、来月終了　「ヒトゲノム」で日独グループ　難病解明に期待 ",NA,NA,49748
86802,"ツリーの真上　流れ星 ",NA,NA,86802
58704,"日韓サッカーＷ杯、夢の開幕　友好の新時代へ期待　金大統領宣言",NA,NA,58704
2550,"竹下首相の１９・２０日の日程＝現地時間 ",NA,NA,2550
74807,"日興、有罪の元常務に報酬　利益供与引責、見返りか",NA,NA,74807
60055,"日朝国交交渉２９日再開、滞在約２週間　拉致被害者５人が一時帰国",NA,NA,60055
85979,"来年度予算概算要求９６兆７４６５億円　過去最大　特別枠に２兆９４４５億円 ",NA,NA,85979
81405,"コンプライアンスをオリンパス窓口明かす　社員救済申し立てへ　「制裁」異動に ",NA,NA,81405
76489,"立佞武多、ニュータイプ　「機動戦士ガンダム」完成　青森・五所川原",NA,NA,76489
87155,"エジプト　数万人デモ、軍出動　エルバラダイ氏軟禁情報も ",NA,NA,87155
47909,"ジャワサイ、初めて雄姿　ＷＷＦがベトナムで撮影",NA,NA,47909
32922,"河野・武村氏留任なら橋本通産相も留任　内閣改造　自民・旧小渕派",NA,NA,32922
9683,"日米欧三極の対話を推進　米大統領、新たな協議機関検討を提案／日米首脳会談 ",NA,NA,9683
22008,"情報公開請求、１５万件超す　活用、関東で目立つ　本社アンケート　",NA,NA,22008
20877,"握りずし、コメ料理か魚料理か　米からの冷凍品、輸入販売で論争",NA,NA,20877
72224,"耐震偽装　木村建設社長ら聴取、きょうにも　決算虚偽報告容疑／警視庁など ",NA,NA,72224
43551,"スハルト蓄財を調査　検察、慎重姿勢も　インドネシア",NA,NA,43551
79418,"ベルサイユで和のバレエ　東京バレエ団が故ベジャール氏の追悼公演",NA,NA,79418
6420,"再生は　対症療法には限界（深まる癒着　リ事件政界波及：下）",NA,NA,6420
36018,"成長持続へ赤字削減　ＯＥＣＤ閣僚理が共同声明採択し閉幕／パリ ",NA,NA,36018
98080,"ＳＴＡＰ　理研　追加調査を開始　小保方氏、検証参加へ",NA,NA,97075
6626,"天安門の武力制圧　一斉射撃で死者千数百人に　装甲車、学生をひく ",NA,NA,6626
56938,"カブールに星条旗　１２年ぶりに国旗が掲揚された旧米大使館＝写真 ",NA,NA,56938
58299,"斎藤英四郎氏（経団連元会長、新日鉄名誉会長）死去 ",NA,NA,58299
28241,"北朝鮮の核開発問題　話し合い解決に全力をあげる　羽田首相が強調 ",NA,NA,28241
71494,"堀江容疑者、ライブドア社長を辞任　後任は６０歳・平松氏　熊谷氏に代表権 ",NA,NA,71494
72545,"背後から絞殺か　直前まで警戒させず　秋田小１殺害",NA,NA,72545
3394,"円急落、ＮＹで１３６円台 ",NA,NA,3394
91434,"（アフリカはいま）横浜宣言にインフラ整備　５１カ国参加、開発会議あす採択",NA,NA,94005
48982,"海自艦修理に入札調整　１０年余、毎回１社除き辞退　造船１０社",NA,NA,48982
60582,"民主・鳩山氏「党首に自由・小沢氏も」　新党に改めて意欲",NA,NA,60582
52871,"「ニホンオオカミ」か　九州の山中で撮影　野生生物保護学会で報告 ",NA,NA,52871
79961,"自民党総裁選、麻生氏が優勢　地方票・議員票とも",NA,NA,79961
61057,"中村喜四郎議員失職・収監へ　上告棄却、実刑確定へ　ゼネコン汚職",NA,NA,61057
75094,"［日本］格差を超えて（５）引きこもり、今は社長（連載） ",NA,NA,75094
72779,"日米、「価値共有」声明へ　首脳会談、防衛指針改定は盛らず",NA,NA,72779
87277,"バーレーン、デモ激化　首都中心部の広場占拠",NA,NA,87277
8032,"パチンコ疑惑できょう１３日に閣僚に自主調査を指示／森山官房長官 ",NA,NA,8032
97057,"巨人　日本シリーズ進出",NA,NA,95107
32540,"ソウルでデパート崩壊、死者２７・負傷者６９０人　手抜き工事の疑い ",NA,NA,32540
68961,"ヤフー売上高１１７７億円　広告、大幅伸び　３月連結",NA,NA,68961
24726,"マグニチュードは８．０　グアム島沖地震で米国の津波警報センター",NA,NA,24726
45282,"淀川長治氏（映画評論家）死去　映画への愛情あふれる解説で人気 ",NA,NA,45282
34694,"阪神大震災あす１年　兵庫県では追悼式 ",NA,NA,34694
71799,"人と触れあう「もち肌」ロボ　理研開発、介護に活躍期待",NA,NA,71799
51299,"東証が「世界市場」構想　欧米亜１０市場合意",NA,NA,51299
84220,"（百年の明日　ニッポンとコリア）光化門復元に未来託す",NA,NA,84220
45178,"福岡市長選告示 ",NA,NA,45178
55651,"公立小中高校の校内暴力、過去最多３万４５９５件／２０００年度 ",NA,NA,55651
63699,"エイズ禍拡大、世界人口に影　２０５０年推計、９３億→８９億に／国連基金白書 ",NA,NA,63699
146,"「レーガン大統領に最大の責任」　イラン・コントラ疑惑で米議会が最終報告 ",NA,NA,146
60380,"ＵＦＪつばさ証券の顧客データ流出　旧東和の１万人分",NA,NA,60380
28471,"円、欧米の市場で９８円台突入",NA,NA,28471
4446,"「政治改革」検討を要請　竹下首相、後藤田氏と会談",NA,NA,4446
54448,"ＧＷは海外で　成田空港は出国ラッシュ",NA,NA,54448
3363,"地価監視区域、長野市の６割に　五輪・新幹線で高騰心配",NA,NA,3363
34335,"キューバへの無償援助方針固める／政府",NA,NA,34335
59898,"２３日午前のＮＹ株、一時７８００ドル割れ ",NA,NA,59898
43199,"四極通商会議、きょう未明に開幕 ",NA,NA,43199
40522,"中３少年、精神鑑定へ　審判手続き中断　神戸児童殺傷事件で家裁決定",NA,NA,40522
74875,"資金洗浄疑惑の通報義務、弁護士ら５業種除外　警察庁が方針変更",NA,NA,74875
53415,"景気浮揚へ解禁議論　自社株の保有・取得自由化について森首相発言",NA,NA,53415
7278,"大雨、都心も記録的　大手町で観測史上最高の８月の日降水量",NA,NA,7278
67210,"日本の友好記念碑爆破　イラク・サマワで先月完成",NA,NA,67210
43852,"「家族一緒の食事」重要　「心の教育の在り方」を中教審が答申 ",NA,NA,43852
19189,"地球温暖化防止条約　「ＣＯ２削減」大幅に後退　「公約」の案文が判明 ",NA,NA,19189
94575,"雪の壁＝写真",NA,NA,90192
61564,"「子供、３人欲しいが２人まで」　成人１万人調査／内閣府 ",NA,NA,61564
93077,"日韓外相、１０カ月ぶり会談　歴史認識問題、なお溝",NA,NA,97396
93867,"イラン、抜き打ち査察受諾も　制裁の即撤廃要求　核協議",NA,NA,99023
39437,"主要企業２００社　「来春は採用増」が４６％　製造業で高率／読売新聞社調査 ",NA,NA,39437
96088,"［金正恩の核］（下）圧力と対話　探る安倍政権（連載）",NA,NA,93178
50682,"当面は景気回復優先　代表質問で森首相が答弁 ",NA,NA,50682
12012,"「５００日計画」基本に　日本との協力強調　ソ連の市場経済移行案",NA,NA,12012
91550,"再稼働申請「信頼壊す」　東電表明、新潟知事が批判　柏崎刈羽原発６・７号機",NA,NA,94238
63468,"「北」核実験なら段階制裁　入国制限や送金停止／政府方針 ",NA,NA,63468
91895,"患者負担の上限見直し　所得に応じ７割増〜３割減も　厚労省案",NA,NA,94927
44852,"破たん前処理の資本注入　「健全銀行は認めず」　民主、平和が自民案拒否 ",NA,NA,44852
13830,"「磯村氏に一本化努力」　都知事選で海部首相",NA,NA,13830
31447,"ＮＹ外為市場、一時１ドル８８円０５銭　戦後の円最高値を更新",NA,NA,31447
21340,"特別天然記念物のニホンカワウソ生息確認　高知で１３年ぶり　体毛入りフン発見 ",NA,NA,21340
62587,"朝鮮半島非核化支持　声明、拉致に言及　ＡＳＥＡＮ地域フォーラム",NA,NA,62587
78515,"ポイント価値絞り込み　マイレージ交換率下げ　カード各社、収益悪化うけ",NA,NA,78515
43893,"［金融戦争・日本は生き残れるのか］（下）政治の意思決定、迅速に（連載） ",NA,NA,43893
93180,"特許、無条件で会社のもの　社員の発明、「十分な報償金」の条件外す　政府方針固める",NA,NA,97588
3417,"学校５日制へ６４の実験校　文部省、６４年度から多角的調査",NA,NA,3417
95340,"政府、韓国に抗議「天皇謝罪」発言　対抗措置を検討",NA,NA,91723
70938,"ＴＢＳ、楽天に和解打診　統合撤回し提携協議",NA,NA,70938
17044,"不動産融資を抜本見直し　投機目的は排除　審査管理体制も強化　全銀協が通知 ",NA,NA,17044
57374,"社長も偽装把握か　雪印食品の牛肉偽装事件",NA,NA,57374
55406,"［期待から現実へ］（上）参院選自民大勝、中身を示す時（連載） ",NA,NA,55406
63143,"未知の粒子ある可能性　物理「標準理論」説明つかぬ現象",NA,NA,63143
91021,"米高官、極秘訪朝３回　１１年末以降　日本、情報から疎外",NA,NA,93175
25886,"改革の理念示せず　政治改革関連法案　衆院特別委可決＜解説＞",NA,NA,25886
29589,"中国側に不快表明　核実験実施で斉藤外務次官が大使に",NA,NA,29589
38147,"福岡県のカラ出張、２年半分で５０億円　個人支給や裏金／県調査委調べ ",NA,NA,38147
15619,"自民、政治改革３法案を党議決定　反対論押し切る　焦点、臨時国会に",NA,NA,15619
67624,"大学病院の医療事故、報告書公表は半数のみ　朝日新聞社アンケート",NA,NA,67624
9766,"リトアニアで独立宣言を採択　「自由社会へ復帰」　議長に民族派選出／最高会議 ",NA,NA,9766
15037,"「脳死移植」容認の方向　脳死臨調が中間意見の素案提示　安易な実施には懸念も ",NA,NA,15037
14418,"高浜原発２号機、きょう運転停止　通産省が徹底調査を指示",NA,NA,14418
51583,"神津島の「地殻観測装置」壊れた　地震でＧＰＳ４基中３基　噴火予知ピンチ ",NA,NA,51583
20314,"バルセロナ、気分は本番　五輪きょう２５日開幕 ",NA,NA,20314
25580,"ゼネコン汚職　東京地検が「鹿島」聴取を開始　仙台、茨城への贈賄容疑解明へ ",NA,NA,25580
89271,"月面に立ち入り禁止区域？　米ＮＡＳＡが計画、「遺産壊される恐れ」",NA,NA,89635
16610,"スウェーデン「高福祉」見直しへ　社民党が総選挙で敗北 ",NA,NA,16610
25029,"ＰＬＯとイスラエル「間もなく相互承認」　ノルウェー高官感触",NA,NA,25029
12591,"知事交際費公開を　大阪府の控訴棄却／大阪高裁 ",NA,NA,12591
92571,"ＮＨＫ予算、民・維反対へ　会長発言巡り　「全会一致」崩れる",NA,NA,96317
64248,"イラクで殺害された２外交官遺体、帰国の途に ",NA,NA,64248
50861,"新５００円硬貨、打ち初め　８月にお財布へ　傾けると数字浮かぶ ",NA,NA,50861
91659,"慈恵医大でも論文不正　「データ、人為的操作」　高血圧薬ディオバン",NA,NA,94464
39360,"隠ぺいは現地課長、上司も経緯把握か　茨城・東海動燃事故虚偽報告",NA,NA,39360
47024,"サミット開催市の決定は連休明け／野中官房長官 ",NA,NA,47024
36177,"住専法案、特別委が可決　きょう衆院通過へ　追加負担へ詰め",NA,NA,36177
2724,"イラン旅客機撃墜事件　ソ連、米海軍の撤退迫る／ペルシャ湾 ",NA,NA,2724
37750,"道路工事の交通整理　年１００億も賃金払い過ぎ　建設など３省／会計検査院調査 ",NA,NA,37750
76952,"ビックカメラ・ベスト電器が提携　家電量販店６位と７位",NA,NA,76952
23073,"先月の通貨供給量、プラスに　昨夏以来の好材料　日銀速報",NA,NA,23073
11349,"棺桶金　食料品購入に手当（汚染大地　５年目のチェルノブイリ：５）",NA,NA,11349
8794,"公定歩合を週内に０．５％上げ　地価や円安を考慮　日銀、大蔵省と最終調整 ",NA,NA,8794
41721,"橋本首相、公的資金投入を預金者保護に限定　「金融淘汰やむを得ぬ」",NA,NA,41721
33759,"ロシア外相解任へ　旧ユーゴ政策が引き金に　エリツィン大統領表明",NA,NA,33759
15950,"ＰＫＯの政府案確定　「武器使用」正当防衛に限定　自衛隊は本体に参加 ",NA,NA,15950
51925,"熊谷組、「債権４０００億円放棄」月内にも要請へ　新生銀などは応じる方向 ",NA,NA,51925
48388,"地雷の脅威、ゾウにまで　タイ",NA,NA,48388
41327,"全市町村の震度を発表　まず９府県１市が来月から、来春にも全国で",NA,NA,41327
91595,"迷宮大輪　「ひまわり迷路」が千葉・成田にオープン",NA,NA,94329
19366,"ロシア、独自軍創設へ　きょう８日にも布告　エリツィン大統領が最高司令官に ",NA,NA,19366
47284,"ＡＰＥＣ蔵相会議　債券市場の育成を強調　共同声明を採択し閉幕 ",NA,NA,47284
97538,"ソチ五輪　スノボ竹内「銀」　女子パラレル大回転　海外で鍛錬　日本で実力開花",NA,NA,96049
72784,"日本、背水　今夜クロアチア戦　サッカー・ドイツＷ杯",NA,NA,72784
28218,"「自家発電」売りやすく　企業や自治体参入に道　電力自由化方針",NA,NA,28218
84047,"自民・青木幹雄氏、立候補へ　世代交代論に影響　今夏の参院選・島根選挙区",NA,NA,84047
36016,"いじめっ子の過半数いじめられた体験も　文部省が小中高生、親、教師２万人調査 ",NA,NA,36016
49274,"国債発行額、純税収を上回る　今年度戦後初、３８兆６１６０億円に",NA,NA,49274
48698,"ベルリンマラソンでロルーペが女子世界最高　犬伏は日本男子最高 ",NA,NA,48698
59652,"小泉首相訪朝へ　来月２日に先遣隊 ",NA,NA,59652
9237,"東北新幹線工事の陥没事故、東京乗り入れ遅れも　都が工事中止を命令",NA,NA,9237
48575,"野球アジア選手権五輪予選　松坂１３Ｋ　台湾をねじ伏せ日本、シドニーに前進 ",NA,NA,48575
74865,"本マグロ、日本漁獲枠２３％減　ＩＣＣＡＴ会合",NA,NA,74865
75764,"［地球を読む］日中関係　朝鮮半島、次の課題　佐々木毅（寄稿） ",NA,NA,75764
25276,"エリツィン・ロシア大統領訪日、来月１２日からで合意　外相会談",NA,NA,25276
64198,"ニシキゴイ、足止めいつまで　国のＫＨＶ検査は陰性　新潟",NA,NA,64198
80713,"日中関係「良好でない」７１％　食の問題影響と分析　政府調査",NA,NA,80713
2059,"厳しい事態　牛肉・オレンジ決裂で竹下首相見解",NA,NA,2059
2921,"減税協議、物別れ　国会日程メドつかず",NA,NA,2921
3774,"天皇陛下のご容体・６日午後７時",NA,NA,3774
27526,"新多角的貿易交渉署名閣僚会議が開幕／モロッコ ",NA,NA,27526
95142,"東電事故調　津波対策　不十分　最終報告「初動対応　誤りなし」",NA,NA,91320
68505,"会計検査院のシステム委託費　２億４０００万円→７３０万円　来年度、大幅減 ",NA,NA,68505
93497,"ムーディーズ、日本国債１段階格下げ　消費増税延期が影響",NA,NA,98259
83326,"２０歳の井山八段が名人　最年少、張栩名人破る　第３４期囲碁名人戦七番勝負",NA,NA,83326
37758,"成田空港用地、さらに１農家移転　残る６戸に　共生構想評価し合意",NA,NA,37758
58067,"プール金調査にブレーキ　９５年以降に限定、外務省が極秘文書",NA,NA,58067
71003,"耐震偽装、業者が関与を否定　衆院委で参考人質疑",NA,NA,71003
71763,"メール問題　民主「永田進退」先送り　休養扱い、入院　本人「思いこみで行動」 ",NA,NA,71763
75665,"［異議あり・人材バンク］（上）官僚たたき先行に懸念（連載） ",NA,NA,75665
76785,"民主、問責決議案を検討　農水相に対し　補助金不正",NA,NA,76785
26443,"人口・エイズ対策ＯＤＡ、６年で２０−３０億ドル拠出　政府方針",NA,NA,26443
37652,"平和主義　憲法９条に外国研究者注目（いま憲法は　公布５０年：上）",NA,NA,37652
17875,"米へ日本語学習協力隊　年１０００人、相互理解を促進　政府が交流計画 ",NA,NA,17875
55318,"インドネシア、「メガワティ大統領」きょうにも誕生 ",NA,NA,55318
46024,"社債担保に９１５億円調達　貸し渋り対策で大手２１社、証券化商品",NA,NA,46024
96817,"［Ｎｉｐｐｏｎ蘇れ］吸収（３）サンバの街　歓迎と困惑（連載）",NA,NA,94636
60621,"再生機構の債権購入資金、１０兆円で最終調整 ",NA,NA,60621
42005,"［経済危機・悲観論を超えて］（４）北城恪太郎・日本ＩＢＭ社長に聞く（連載） ",NA,NA,42005
7174,"伊東沖噴火の終息宣言、２、３ヵ月は困難　気象庁「いぜん重病」",NA,NA,7174
60373,"対北朝鮮「日米韓会合」　米、重油凍結を示唆 ",NA,NA,60373
52226,"震度発表、点から面へ　空白域解消、救助活動に利便性　気象庁方針",NA,NA,52226
16386,"ソ連・リトアニア共和国と仏が復交宣言",NA,NA,16386
25786,"過去直視し未来を構築　細川首相、植民地支配を陳謝　日韓首脳会談",NA,NA,25786
4919,"入札前に「本命リスト」建設省作成　大半記載通り落札　",NA,NA,4919
51810,"関係改善に努力　米朝外相、初会談で一致 ",NA,NA,51810
89576,"正倉院の宝物によく似た金具　小刀、茨城・ひたちなかで出土",NA,NA,90241
97951,"米艦防護「賛成」７５％　邦人輸送　機雷掃海も７４％　本社世論調査",NA,NA,96824
77697,"不明年金の台帳照合作業、来年度３３００万件のみ　社保庁２年で８億件困難に ",NA,NA,77697
971,"合格増やし若返り、受験回数制限も　司法試験改革へ法曹懇方向",NA,NA,971
19717,"欧州連合は１１か国で　デンマークの拒否でＥＣ議長国のポルトガル外相が表明 ",NA,NA,19717
83434,"結婚詐欺容疑の女　知人２男性連続不審死　練炭自殺装う？ ",NA,NA,83434
44053,"政党支持率　自民、過去最低の２０．７％　民主は３倍増／読売新聞全国世論調査 ",NA,NA,44053
96513,"円急騰　一時９８円台　ＮＹ",NA,NA,94024
33475,"食糧費、１２都府県が削減策　３分の１は消極姿勢　朝日新聞社調査",NA,NA,33475
76490,"安倍首相続投に賛否二分　「評価」４４％「評価せず」４５％／読売新聞世論調査 ",NA,NA,76490
12542,"平和協力法案、作り直す用意　与野党協議で検討　自民・小沢幹事長",NA,NA,12542
15455,"「脳死状態の移植」容認　「人の死」で反対論併記　脳死臨調中間意見",NA,NA,15455
520,"教員免許に３段階制を導入　社会人登用も拡大　養成審答申",NA,NA,520
34676,"［橋本政権の課題］（中）波乱含み「住専」審議　板ばさみ、景気と財政（連載） ",NA,NA,34676
12734,"中国副首相、閣僚交流の再開要請　経済協力に強い期待　中山外相、１月にも訪中 ",NA,NA,12734
7421,"「正実ちゃんも殺した」　宮崎自供、遺体発見へ全力　幼女誘拐殺人",NA,NA,7421
77530,"アスベスト使用建物の違法改修６３件　昨年度、７件で飛散／読売新聞調査 ",NA,NA,77530
15751,"エリツィン・ロシア大統領が就任　脱イデオロギーを強調 ",NA,NA,15751
77622,"［環境途上国］（上）ブラジル報告　大豆ブームが森林食う（連載） ",NA,NA,77622
39138,"消えた兵力協議　海兵隊削減にズレ（日米安保第５部　在日米軍：１）",NA,NA,39138
68865,"反日デモ　中国外務省「中国に責任ない」 ",NA,NA,68865
89618,"宇宙ごみ掃除計画　投網、レーザー、ロボアームも浮上",NA,NA,90325
81083,"［変革］オバマ始動（上）大恐慌に学び、米国再生（連載） ",NA,NA,81083
38799,"７２年沖縄返還時の日米文書　全面公表に前向き　大田知事に橋本首相表明 ",NA,NA,38799
86217,"９月の新車販売、１３カ月ぶり減　エコカー補助終了響く",NA,NA,86217
21341,"ロンドンで東京会議・国際円卓会議が開幕　「新欧州の安保」まず討議 ",NA,NA,21341
60813,"民事訴訟に専門委員　医師・建築士ら迅速化に一役　２００４年導入目指す ",NA,NA,60813
62401,"０６年度のセンター試験、２８科目に再編　英語にリスニング",NA,NA,62401
57451,"医療改革法案、３割負担の時期明記　０３か０４年度で与党が合意",NA,NA,57451
95148,"一体改革　２６日採決へ",NA,NA,91330
66147,"佐世保・小６女児殺人事件　加害女児、精神鑑定へ ",NA,NA,66147
49687,"２０００年最初のＵターンラッシュ",NA,NA,49687
60068,"国債３０兆円枠、突破容認　補正予算に向け、財務省が方針 ",NA,NA,60068
30983,"ジェームズ・フルブライト氏（元米上院議員）死去　フルブライト奨学金創設者 ",NA,NA,30983
79630,"突然増水、４人死亡　川遊びの児童ら　神戸で局地的豪雨",NA,NA,79630
88554,"汚染牛肉、買い上げ　不安の解消図る　農水省方針",NA,NA,88554
53898,"森首相、来週にも進退判断　後継選び、なお混迷",NA,NA,53898
43919,"［２０世紀どんな時代だったのか］（１０７）アジアの戦争　日本の誤算（連載） ",NA,NA,43919
52259,"横綱選び、女性参加　内館牧子さんが初の委員に",NA,NA,52259
69964,"［「壊党」・解散］（上）民営化は「地動説」か（連載） ",NA,NA,69964
39321,"あれよあれよ１２６円台　東京外国為替市場、４年７カ月ぶり",NA,NA,39321
41398,"経団連が総会屋封じへ８００社会議　来月７日にトップ招集　調査報告求める ",NA,NA,41398
67868,"海老沢会長「信頼損ねた」　ＮＨＫがおわび特番を生放送",NA,NA,67868
1425,"インデックス",NA,NA,1425
37935,"芝信金訴訟　「人事で女性差別」認定　昇格、１億支払い命令／東京地裁 ",NA,NA,37935
90044,"大飯原発再稼働、国民への説明要求　首相に福井知事",NA,NA,91188
74438,"企業中心に減税６０００億円　２００７年度税制大綱、与党決定 ",NA,NA,74438
28627,"自民・社会・さきがけ３党で北朝鮮政策調整決定へ／自民政調方針 ",NA,NA,28627
26317,"冬将軍が暴れる　新幹線乱れ２漁船が遭難 ",NA,NA,26317
57268,"電子政府、通常国会に法案　行政手続き原則全部「ネットで」２００３年度から ",NA,NA,57268
70833,"男子同級生逮捕へ、殺害容疑認める　町田・高１刺殺",NA,NA,70833
88569,"汚染牛、賠償指針策定へ　風評被害の対象拡大も　紛争審",NA,NA,88569
26742,"日米包括協議　「数値目標」物別れ　首脳会談で決着へ ",NA,NA,26742
87012,"日韓、防衛物資融通へ協議",NA,NA,87012
81297,"振り込め詐欺、返金申請低調　期限切れ、国庫へ２億円",NA,NA,81297
38537,"流れ旅、岸は目前　オホーツク海の流氷",NA,NA,38537
4396,"税制改革法案、参院での修正に含み／竹下首相答弁 ",NA,NA,4396
90978,"県内移設、理解求める　安倍首相、沖縄知事に　普天間問題",NA,NA,93087
41501,"福島市長選、吉田修一氏が４選",NA,NA,41501
27203,"ゼネコン汚職　中村容疑者なお黙秘　１０日間の拘置決定 ",NA,NA,27203
10122,"東側、市場経済化急ぐ　通貨の交換性確保／全欧安保協力会議ボン宣言 ",NA,NA,10122
45532,"自自連立支持、梶山氏が小渕首相に表明 ",NA,NA,45532
38044,"補助事業を総点検　衆院予算委での橋本首相答弁 ",NA,NA,38044
52404,"介護保険制度スタート半年　訪問介護事業の４９％が赤字／読売新聞社調査 ",NA,NA,52404
68636,"ＯＰＥＣ、日量最大１００万バレル増産へ ",NA,NA,68636
55713,"欧州中央銀、０・２５％利下げ　「景気重視」の方針 ",NA,NA,55713
9349,"土井社会党委員長、個別間接税を提唱　消費税廃止後の改革",NA,NA,9349
36203,"中国核実験再開　対中円借款凍結せず　無償協力停止は継続／橋本首相表明 ",NA,NA,36203
10847,"ロシア共和国、「主権宣言」を大差で採択　ソ連邦離脱権も ",NA,NA,10847
37209,"沖縄・嘉手納の地元３市町が共闘　米軍普天間ヘリポート移転反対",NA,NA,37209
75140,"文科相、教委に是正勧告　緊急事態に限定　中教審答申へ ",NA,NA,75140
75339,"能登沖地震　石川・志賀が２５センチ地殻変動 ",NA,NA,75339
88461,"高汚染牛、内部被曝か　福島・南相馬",NA,NA,88461
96078,"アイスホッケー女子　ソチ１号",NA,NA,93159
25343,"日ロ対話、再出発宣言へ　細川首相、来春にも訪ロ　領土表現なお調整",NA,NA,25343
65056,"［金正日を見たか］（５）「白頭山神話」植え付け（連載） ",NA,NA,65056
69270,"非常ブレーキ４回　始発駅入線時に２回　尼崎事故１カ月",NA,NA,69270
19236,"政策協調巡り本格的な討議　Ｇ７",NA,NA,19236
34627,"保利・池田氏入閣へ　経企庁長官に田中秀氏浮上　橋本内閣あす発足",NA,NA,34627
95333,"熱狂、リオへ　ロンドン五輪閉幕",NA,NA,91709
63208,"ノーベル賞級研究を後押し　最先端の分析機器、来年度から開発へ／文科省 ",NA,NA,63208
38493,"債権回収妨害で組事務所を刑事告発、きょう強制捜査　住専の管理機構",NA,NA,38493
93295,"マクドナルド営業赤字　９４億円　４１年ぶり、鶏肉問題打撃",NA,NA,97829
36339,"沖縄、きょう「慰霊の日」",NA,NA,36339
81763,"追加景気策１５兆円　過去最大の補正／政府・与党 ",NA,NA,81763
25135,"ウクライナで核弾頭放射能漏れ事故　ロシアが作業隊急派 ",NA,NA,25135
79306,"雨、捜索を中断　岩手・宮城内陸地震",NA,NA,79306
56751,"［裁く］第５部・終審の番人（１）判事の懲戒　割れた意見（連載） ",NA,NA,56751
78654,"株式で資金調達、１〜３月期激減",NA,NA,78654
89867,"２大臣交代が条件　増税審議入りで自民・谷垣総裁",NA,NA,90832
26966,"政党助成上限　前年収入の３分の２　与党、自民案のむ　ブロックは「１１」 ",NA,NA,26966
24603,"特別国会、８月５日召集へ",NA,NA,24603
92246,"戦後の礎、壊しかねない　安倍首相、靖国参拝　編集委員・前田直人",NA,NA,95640
57489,"ネット競売、届け出制に　古物営業法改正へ　盗品横行、２年で５２００件！！ ",NA,NA,57489
21240,"「貿易と環境調和」を推進　新ラウンド文書に追加　通産省が提案へ ",NA,NA,21240
43662,"日中共産党が関係正常化　不破哲三氏、夏訪中",NA,NA,43662
84785,"山崎さん　きょう宇宙へ ",NA,NA,84785
26429,"ザグレブに墓標の壁　旧ユーゴの国連防護軍の“慰霊碑”／クロアチア ",NA,NA,26429
72980,"（岐路のアジア　第５部・インドネットワーク：４）知財保護の波",NA,NA,72980
61931,"衆院３補選、候補者確定 ",NA,NA,61931
5292,"首都高速料金　現金払いは値上げせず　消費税上乗せは回数券だけ ",NA,NA,5292
63535,"未受精卵を急速冷凍・保存で体外受精　国内初の出産／長野の病院 ",NA,NA,63535
47876,"［霞が関・再編始まる］（下）政治主導　議員も年功より実力（連載） ",NA,NA,47876
46549,"官民首脳が再生策討議　今井氏ら参加、「競争力会議」月内にも発足",NA,NA,46549
60849,"「インフレ目標」前向き　小泉首相、将来の消費税上げに含み ",NA,NA,60849
55942,"ＵＡＥ、タリバンと断交　ビンラーディン包囲網一段と強まる ",NA,NA,55942
72076,"教科書検定、高校も発展的記述　小中高出そろう　「イオン」「ＤＮＡ」復活 ",NA,NA,72076
92478,"ロシア、軍事介入へ　欧米、激しく反発　ウクライナ",NA,NA,96123
19509,"［よみがえれ地球］ブラジル環境会議を前に（６）生かされぬ技術移転（連載） ",NA,NA,19509
26059,"元検事の暴行事件で東京地検検事正ら戒告処分／法務省 ",NA,NA,26059
88975,"所得増税１０年、野田首相指示　法人減税３年凍結　復興財源",NA,NA,89023
94284,"原子力安全庁　原発健康被害も対処　来春発足　被曝監視や疫学調査 ",NA,NA,89611
60663,"個人国債、優遇先送り　地方債と平等配慮／自民税調 ",NA,NA,60663
84477,"避難指示・勧告１４９万人　東北３県、１７年ぶり大津波警報　チリ大地震の影響",NA,NA,84477
9458,"自民、安定多数に迫る勢い　総選挙終盤情勢　朝日新聞社調査",NA,NA,9458
33001,"「ポスト戦後５０年」の針路求めて　朝日新聞社長・中江利忠",NA,NA,33001
46405,"北方４島の「返還困難」、ロシア側が強く示唆　昨年１１月の日露首脳会談 ",NA,NA,46405
13366,"米とイラク、今夕会談　米仏は１５日クウェート撤退要求で一致",NA,NA,13366
42521,"目的に「政府の説明責任」　情報公開法の政府原案",NA,NA,42521
90433,"中国、国連に「新海図」　尖閣周辺を「領海」と示す",NA,NA,91964
56267,"反テロの結束を強調　首脳宣言、声明採択し閉幕　ＡＰＥＣ",NA,NA,56267
23760,"政治改革、歩み寄り期待　単独採決せぬ意向　宮沢首相",NA,NA,23760
19559,"９３年のサミットは千葉市で　会議施設やホテル充実　政府固める ",NA,NA,19559
30410,"来年度予算　新ゴールド・エンゼルの両プランが確定 ",NA,NA,30410
62324,"小泉首相、首脳会談で米へ出発 ",NA,NA,62324
11059,"高校社会科教科書検定、消費税の記述に厳しく　",NA,NA,11059
66229,"燃料電池で深海探査　探査機「うらしま」開発成功／海洋研究開発機構 ",NA,NA,66229
2411,"農協のずさん運営指摘　指導より営利先行　総務庁初の行政監察",NA,NA,2411
66271,"横浜Ｆ・マリノス、Ｊ１リーグで３期連続Ｖ ",NA,NA,66271
34908,"非加熱製剤によるエイズ　婦人科でも感染・発病　８４年手術、国などを提訴へ ",NA,NA,34908
85092,"普天間移設案　官房長官　徳之島町議に協力要請　異例の訪問 ",NA,NA,85092
65753,"日朝協議、近く再開　藪中外務省局長が訪中へ最終調整 ",NA,NA,65753
69636,"多重債務者救え、生協がお手伝い　融資・家計簿チェック、東京都内に設立へ",NA,NA,69636
61654,"イラク、米の最後通告を拒否　フセイン大統領や息子の亡命に応じず",NA,NA,61654
95389,"維新　来月中旬に新党　国会議員５人確保へ　他党と合流せず",NA,NA,91819
6990,"消費税「見直し」自民全員　参院選立候補者３５０人アンケート　読売新聞社調査 ",NA,NA,6990
27247,"「連立各党で新党を」　新生党・日本新党・民社党、結成に努力で一致",NA,NA,27247
96459,"肝機能値　上司が確認　禁酒令の福岡市　職員不祥事収まらず対応強化",NA,NA,93915
37524,"羽毛？持つ恐竜の化石を発掘　鳥の遠い祖先か　中国・遼寧省",NA,NA,37524
81644,"大相撲八百長報道、週刊現代に４２９０万円賠償命令　東京地裁",NA,NA,81644
66464,"ＵＦＪ・三菱東京統合交渉　住友信託、差し止め求め仮処分を申請 ",NA,NA,66464
97367,"ソチ五輪　準備ＯＫ　開幕まで１か月＝写真",NA,NA,95718
9129,"金利先高感強まる　東証の終値６６６円安　債券・円とトリプル安",NA,NA,9129
68234,"水俣病救済策を拡充　関西訴訟判決受け国方針　原告に療養費 ",NA,NA,68234
14709,"米大統領がイラク内乱に不介入を強調　難民救援は継続 ",NA,NA,14709
82662,"鳩山代表が公約発表　民主「生活再建」前面、政権交代へ決意 ",NA,NA,82662
49380,"生活習慣病予防、都が本腰　「医師の指導」無料で　条件付きで来年度から導入 ",NA,NA,49380
83796,"（エコ・ウオーズ　緑色発展）中国、成長・省エネの両立探る　",NA,NA,83796
90786,"下り線も６７０カ所不具合　笹子トンネル、ボルト緩み・破損",NA,NA,92685
7774,"政府、北方領入り自粛を　「返還交渉に悪影響」と呼びかけへ ",NA,NA,7774
65943,"多国籍軍、１年後見直し　米英が新決議草案　イラク問題安保理協議",NA,NA,65943
931,"「東京朝日」１００周年記念の懸賞論文　審査委員に２０氏",NA,NA,931
5061,"［平成の天皇］（２）平和希求、沖縄が原点（連載） ",NA,NA,5061
38505,"議決延期は請求権に　最終決定は政策委　日銀法改正",NA,NA,38505
15508,"紛争防止へ実務機能　緊急対応メカニズム創設　全欧安保外相会議",NA,NA,15508
88332,"災害時の帰宅困難者、駅で宿泊　救急用品を備蓄　ＪＲ東方針",NA,NA,88332
65160,"サッカー五輪最終予選、日本初勝利＝写真 ",NA,NA,65160
23486,"ロシア国民投票、一部で開始 ",NA,NA,23486
64867,"「さっぽろ雪まつり」開幕へ　雪氷像、七色のライトアップ ",NA,NA,64867
96369,"公立校の体罰　急増８４０件　昨年度　中間報告、前年度の倍",NA,NA,93732
2497,"竹下首相、トロント・サミットへ出発 ",NA,NA,2497
74337,"近未来通信きょう捜索　詐欺容疑　投資家に虚偽説明／警視庁 ",NA,NA,74337
53810,"村上議員が辞職　ＫＳＤ事件引責　森政権また打撃　参院本会議で２６日に許可 ",NA,NA,53810
1182,"田村通産相、３月に訪独の意向　貿易大臣会議へ ",NA,NA,1182
51454,"［衆院選・論戦に注文する］（５）教育　「基本法」見直し論議当然（連載） ",NA,NA,51454
12259,"湾岸危機でソ連、イラクへ特使を派遣　ゴ大統領側近　フセイン大統領と会談 ",NA,NA,12259
22332,"米がイラク再空爆の構え　フセイン大統領、徹底抗戦呼びかけ　湾岸戦２周年演説 ",NA,NA,22332
62899,"辻元前議員を逮捕　秘書給与詐取容疑、元秘書３人も＝続報注意",NA,NA,62899
39155,"「衆院選まで野党で」　民主の菅代表、党大会で明言 ",NA,NA,39155
50628,"第７２回選抜高校野球大会　東海大相模が初Ｖ ",NA,NA,50628
77400,"消費増税、時期は触れず　政府税調、答申大枠固める",NA,NA,77400
40141,"土の人形、胸にシカ　弥生時代中期の土製人形出土　八日市地方遺跡",NA,NA,40141
88288,"震災復興増税、自治体にも配分　原発被害限定の協議機関を　構想会議が１次提言案 ",NA,NA,88288
80592,"［食ショック］変わる文化と習慣（５）「よくかむ」１０２歳で現役（連載） ",NA,NA,80592
4959,"イスラエル首相、読売新聞社特派員団と会見　新和平構想出す ",NA,NA,4959
75116,"ＮＹダウ、また急落",NA,NA,75116
32804,"ダイエー系列も化粧品値下げ　全国４０店、来月から　７５０品目１５―２５％ ",NA,NA,32804
44168,"青酸カレー、ヒ素も検出　胃と食べ残しから　和歌山県警は２種混入で捜査 ",NA,NA,44168
55735,"雑居ビルを全国一斉点検　東京・歌舞伎町火災で消防庁が方針",NA,NA,55735
23982,"宮沢首相、政治改革実現で実力者に協力要請　渡辺氏は並立制に慎重",NA,NA,23982
70237,"総選挙比例区で投票したい政党、自民２３→２７％・民主１６→１８％　朝日新聞社調査",NA,NA,70237
56439,"悪天候で米ヘリ不時着／アフガニスタン ",NA,NA,56439
63502,"バスにも飲酒検問／神奈川県警 ",NA,NA,63502
40694,"涼しい贈り物　東京・麻布の商店街に雪だるま　岐阜・河合村から雪６０トン ",NA,NA,40694
55042,"清涼飲料水に毒物　建設会社員２人が重体　北海道・士別",NA,NA,55042
6334,"自民党の後継総裁選び、長引く様相　調整役、メド立たず　",NA,NA,6334
25924,"公共投資　米が１００兆円増額を要望　経常黒字削減の目標値はＧＤＰの２％ ",NA,NA,25924
27326,"国税局、日本コカ・コーラに１５０億円追徴　会社側は異議申し立てへ",NA,NA,27326
4772,"松原被告、初公判で贈賄工作を認める模様　リクルート疑惑",NA,NA,4772
42695,"日銀幹部への接待疑惑　松下総裁の進退論に波及か ",NA,NA,42695
47312,"介護保険の負担　高齢者、月３０００円弱　厚生省が試算を上方修正 ",NA,NA,47312
66711,"イラク・ナジャフで米軍が大規模攻撃　中心部掌握、サドル派を包囲 ",NA,NA,66711
62663,"久保亘さん死去　旧社会党書記長",NA,NA,62663
34787,"［明日への条件−日本総点検］第１部自分探し（１３）世界からの視線（連載） ",NA,NA,34787
32758,"空爆の強化で合意　ロシアに同調求める　ボスニア問題で米英仏",NA,NA,32758
15888,"サウジも対イスラエル経済制裁「解除」支持　入植停止前提に",NA,NA,15888
57238,"商法改正要綱案決定　取締役会に米型導入　委員会制で判断迅速化／法制審 ",NA,NA,57238
73386,"「労災減へ請負把握を」　メーカーに協議会求める　厚労省",NA,NA,73386
67768,"やっと一家で帰ってきた　曽我さん、佐渡到着　北朝鮮拉致",NA,NA,67768
63345,"長期金利、終値も１．６７％　東証は続伸、年初来高値に",NA,NA,63345
95978,"緊急着陸　７８７バッテリー不具合か　日航トラブル機と同型",NA,NA,92959
18602,"北方領土返還は国民投票が不可欠　ロシアが新憲法案を改訂 ",NA,NA,18602
34082,"ＡＰＥＣの大阪宣言案＜骨子＞",NA,NA,34082
35383,"公共事業は２兆８０００億　暫定予算案１１兆６０００億円に／政府 ",NA,NA,35383
97276,"日本スポーツ賞　大賞に体操・内村",NA,NA,95547
22663,"川崎市が中国に大気汚染防止技術提供へ　被害深刻な瀋陽市にノウハウ活用 ",NA,NA,22663
94547,"福島・川内村４月役場再開　３１日「帰村宣言」　移転自治体で初",NA,NA,90137
65031,"ひな壇、何段？　約１万５千体のひな人形を飾り付け／徳島・勝浦 ",NA,NA,65031
42171,"インドネシア、ＩＭＦと改革策合意　国民車構想を撤回",NA,NA,42171
956,"大阪地検、田代議員を１０００万円容疑で起訴へ　砂利船汚職",NA,NA,956
41733,"温暖化防止京都会議へ世界から７０００通のメッセージ ",NA,NA,41733
90411,"言葉は交わさず　日韓首脳が握手　ＡＰＥＣ",NA,NA,91919
68039,"雪に負けぬ　新潟・小千谷で恒例の「雪祭り」開催 ",NA,NA,68039
20526,"小・中学生の「登校拒否」急増、６万７０００人に／９１年度文部省調査 ",NA,NA,20526
77732,"守屋容疑者きょう再逮捕　ＣＸ受注パーティーでＧＥ側がお礼　妻は起訴猶予 ",NA,NA,77732
3917,"未公開株売買での名義問題、「蔵相に倫理上の責任」　竹下首相",NA,NA,3917
41434,"１３４ドル高の大幅続伸　ＮＹ株式市場",NA,NA,41434
53698,"原潜、注意怠り浮上か　実習船沈没で米、責任認め謝罪",NA,NA,53698
43377,"秋田市長選に２氏届け出",NA,NA,43377
21600,"首都機能移転に６割が賛成　一極化は地価などに不満　総理府世論調査",NA,NA,21600
73283,"自民総裁選　麻生氏、２１日に出馬表明　政策決定方法、改革強調へ ",NA,NA,73283
48039,"憲法調査会設置の国会法改正案、２９日に成立へ／衆院議運委 ",NA,NA,48039
85822,"円高８４円７２銭　米景気減速で１５年ぶり水準　ロンドン ",NA,NA,85822
8410,"新たな出発点（労働界再編　「新・連合」を軸に：５）",NA,NA,8410
73187,"「被爆が原因で独居」２２％、結婚・出産断念も／読売新聞社アンケート ",NA,NA,73187
38681,"私鉄春闘　東急、中央交渉脱退も　大手横並び崩れる公算 ",NA,NA,38681
1140,"予算委公聴会開催を通知／浜田委員長 ",NA,NA,1140
87743,"被災地に祈る＝写真 ",NA,NA,87743
68852,"日本大使館に投石　反日デモ、１万人に　中国政府が謝罪",NA,NA,68852
50017,"五輪野球にセも「協力」　古田捕手ら出場に道　球団の判断尊重",NA,NA,50017
67475,"［再選ブッシュと世界］（３）戸惑う欧州、冷静アラブ（連載） ",NA,NA,67475
23830,"公衆電話、値上げ申請　「市内」１分１０円に　１０月から段階実施",NA,NA,23830
75146,"中国、８％成長目標　全人代、雇用創出９００万人",NA,NA,75146
77951,"フィブリン糊　使用実態の早期把握を（解説） ",NA,NA,77951
89705,"復興へ二つの指摘　朝日新聞社「ニッポン前へ委員会」",NA,NA,90502
93008,"日傘の出番　関東甲信、梅雨明け",NA,NA,97246
84818,"米ロ、核軍縮条約署名　オバマ大統領「長い旅の一歩」",NA,NA,84818
36332,"医療保険審第２次報告　薬代の患者負担５割に　給付、減額し格差も ",NA,NA,36332
94176,"バンコク　避難者移送 ",NA,NA,89394
66842,"地方自治体、職員互助会に１９４億円　４７都道府県と１３指定市",NA,NA,66842
62893,"４女児監禁事件　自殺の男、単独犯行？　書類送検へ　計画的、手錠準備 ",NA,NA,62893
7649,"企業献金の流れ見えず　８８年政治資金収支報告書＜解説＞",NA,NA,7649
77256,"文字・活字文化機構が設立総会　言葉の力向上目指す ",NA,NA,77256
85578,"（民主党　挫折の先：中）手作りの多数へ、対話を　編集委員・曽我豪",NA,NA,85578
74295,"宮崎県談合　出納長の逮捕状を請求　落札業者指示の疑い／宮崎県警 ",NA,NA,74295
27049,"細川内閣支持、５７％に低下　朝日新聞世論調査",NA,NA,27049
56343,"新守護神だ、横浜Ｆ・マリノスが初Ｖ　サッカーのナビスコ杯",NA,NA,56343
45046,"成人病健診費を二重請求　大阪府と神奈川県が受診者名を重複使用 ",NA,NA,45046
36810,"インド軍縮大使、「採択阻止」を明言　包括的核実験禁止条約",NA,NA,36810
56254,"ＡＰＥＣ首脳会合が開幕　中国・上海",NA,NA,56254
74636,"ポイント商法をルール化　経産省が近く研究会　倒産時の顧客保護など ",NA,NA,74636
58376,"新緑縫うトロッコ電車　黒部峡谷鉄道が全線開通",NA,NA,58376
35737,"ＧＷは天気よさそう　全国的に暖かく　気象庁予報",NA,NA,35737
40882,"「エルニーニョ」過去最大規模へ　世界各地で異常気象",NA,NA,40882
12455,"山形市長に金沢忠雄氏７選　県庁所在地で最多",NA,NA,12455
55183,"「エイズ基金」予防に重点、サミット宣言へ　結核、マラリアも対象に ",NA,NA,55183
59547,"高速道料金プール制を廃止　地域、路線で格差も／民営化委中間報告概要 ",NA,NA,59547
84329,"キリン・サントリー破談会見 ",NA,NA,84329
73468,"自民、５年後「見直し」案　特例高金利、恒久化に余地",NA,NA,73468
72132,"第７８回選抜高校野球　横浜「春」３度目のＶ　決勝最多２１得点 ",NA,NA,72132
40850,"２邦人ら１０人死亡　マレーシアで小型機墜落",NA,NA,40850
33686,"障害者支援を一元化　来年度、部設置を要求／厚生省 ",NA,NA,33686
35426,"国に予納金追加命令へ　破産経費に１億円　オウム資産整理で東京地裁",NA,NA,35426
14350,"中東和平達成に自信　イスラエルへ影響力を行使／米国務長官 ",NA,NA,14350
62070,"小泉首相、総裁再選出馬に意欲 ",NA,NA,62070
48008,"西武の松坂投手、１５２キロ　プロ野球オールスター第１戦",NA,NA,48008
88864,"前原前外相、外国人献金の合計５９万円　０５〜１０年、４人と１社から",NA,NA,88864
47728,"カード不正の被害２０８億円　昨年推計額、業界が公表　偽造、深刻さ増す ",NA,NA,47728
85509,"理事長代行に村山氏　大嶽親方・琴光喜、解雇　協会、外部登用に一時抵抗　賭博問題",NA,NA,85509
63070,"大検見直し、高卒認定試験を創設へ　就職に活用も　文科省方針",NA,NA,63070
87461,"元少年３人、死刑確定へ　最高裁、４人殺害「責任重大」　連続リンチ殺人事件",NA,NA,87461
56714,"朝鮮総連元局長ら立件へ　朝銀東京、資金流用口座を管理　元理事長の共犯容疑 ",NA,NA,56714
22033,"宮沢内閣を支持２０％、不支持６３％　朝日新聞社世論調査",NA,NA,22033
39994,"医療保険制度改革関連法案　再修正案を可決／参院委 ",NA,NA,39994
79425,"先住民、祈る　札幌・アイヌ文化交流センターで交流会　先住民族サミット",NA,NA,79425
57476,"自国で問えぬ犯罪も　日米で捜査共助条約、年内に締結",NA,NA,57476
8379,"両独首脳が会談へ　１１月中に東独国内で　電話会談で合意 ",NA,NA,8379
80414,"［ネット社会］国境を越える闇（１）世界初、サイバー戦争（連載） ",NA,NA,80414
91723,"総裁名で奉納、中韓に配慮　安倍首相、靖国参拝見送り玉串料",NA,NA,94587
38151,"ダム４か所開発中止　計画途中、初の判断／建設省 ",NA,NA,38151
41891,"９８年度税制改正　法人税３％下げ、減税総額９５００億円に　自民税調固める ",NA,NA,41891
90631,"駒大、逆転で連覇　全日本大学駅伝",NA,NA,92380
54169,"左右逆でない私　町の発明家が常識を破る鏡を考案 ",NA,NA,54169
59009,"加藤紘一氏、８０００万円修正申告　所得申告漏れ",NA,NA,59009
84537,"Ｊ開幕　Ｗ杯代表射止めろ ",NA,NA,84537
4805,"「領土」文言は盛らず、前回の共同声明とほぼ同じ表現／日ソ外相協議 ",NA,NA,4805
69373,"豊田通商・トーメン、来年４月にも合併",NA,NA,69373
20932,"［国際貢献への旅立ち］自衛隊ＰＫＯ派遣（中）位置付け（連載） ",NA,NA,20932
87815,"震災死者　９２％水死　津波被害　６０歳以上６割　警察庁まとめ ",NA,NA,87815
33251,"「日米協力、ＰＫＯでも」　支援拡大の柱に　ナイ米国防次官補が会見",NA,NA,33251
24283,"梶山幹事長・山花委員長・羽田党首が総選挙公示控え激論",NA,NA,24283
71667,"ライブドア関連会社の虚偽決算　堀江容疑者「絶対黒字に」　地検、議事録を押収 ",NA,NA,71667
49370,"反ダンピング乱用規制、閣僚宣言入り濃厚　ＷＴＯ",NA,NA,49370
24468,"韓国元国防相２人逮捕　元参謀総長２人も　軍汚職事件",NA,NA,24468
78780,"後期高齢者医療　１０道県、重度障害者に事実上強制　助成継続条件に ",NA,NA,78780
7904,"自民・野村五男氏が大勝　社会・細金氏に７万票差　参院茨城補選",NA,NA,7904
95723,"衆院きょう解散　「０増５減」成立へ　特例公債も　民主離党７人に",NA,NA,92464
14730,"アジア・太平洋の軍縮強調　ゴルバチョフ・ソ連大統領、あす国会演説　",NA,NA,14730
89294,"小売り・流通など「生団連」設立　４８１団体・企業参加、経団連とは距離",NA,NA,89685
91645,"維新・橋下代表、辞意表明へ　石原氏ら慰留の意向",NA,NA,94432
44325,"株式・為替、ともに反発　東京金融市場",NA,NA,44325
96895,"「金」３０個目標　１６?２０歳　育成強化へ",NA,NA,94798
90796,"自民・安倍総裁、改憲要件緩和へ意欲　２６日に内閣発足　人事着手",NA,NA,92716
81091,"「中川秀氏は反乱」　自民党・森元首相、派閥離脱を促す",NA,NA,81091
24247,"自民総裁選に渡辺前外相が出馬表明　宮沢首相の早期退陣論浮上も ",NA,NA,24247
43980,"オウム事件の被害者配当率、２２％に　管財人、きょうにも許可申請",NA,NA,43980
10710,"サハリン残留日本人調査、遺骨収集　今夏、初めて実現",NA,NA,10710
36889,"高齢者に安全な職場づくりを支援　中小企業対象に労働省",NA,NA,36889
13676,"またミサイル５発　イスラエルとサウジで撃墜　湾岸戦争",NA,NA,13676
